Référence,Date crime,Heure crime,Durée d'enquête,Infraction 1,Infraction 2,Infraction 3,Infraction 4,Infraction gp 1,Infraction gp 2,Infraction gp 3,Infraction gp 4,Infraction 5,Tentative,Résolution,Nature du lieu,Lieu,Moyen de transport utilisé,Arme utilisée,Motif apparent,Lien avec,Victime connaît l'auteur,Objet dérobé 1,Objet dérobé 2,Objet dérobé 3,Objet dérobé 4,Objet dérobé 5,Objet dérobé 6,Objet dérobé 7,Objet dérobé 8,Service saisi,Nombre de services successivement saisis,Motif changement service,Nb enquêteur successivement responsable,Nb enquêteur ayant travaillé sur le dossier,Détection des faits,Intervenants sur les lieux de l'infraction,Solvabilité 1,Solvabilité 2,Solvabilité 3,Solvabilité 4,Etude de pistes alternatives,Processus d'enquête,Contexte de l'enquête 1,Contexte de l'enquête 2,Contexte de l'enquête 3,Contexte de l'enquête 4,Contexte de l'enquête 5,solvabilité
591,Déterminé – Infraction continue,Non déterminé - inconnu,98,55 TRAFIC ET REVENTE SANS USAGE DE STUPEFIANTS,56 USAGE - REVENTE DE STUPEFIANTS,57 USAGE DE STUPEFIANTS,58 AUTRES INFRACTIONS A LA LEGISLATION SUR LES STUPEFIANTS,INFRACTIONS A LA REGLEMENTATION,INFRACTIONS A LA REGLEMENTATION,INFRACTIONS A LA REGLEMENTATION,INFRACTIONS A LA REGLEMENTATION,,N,Résolu - Total,Public,Voie publique,Inconnu,Aucune,Rationalité,Un trafic de stupéfiants,Non,0,0,0,0,0,0,0,0,UT,1,Sans objet,1,7,Unité en patrouille,Patrouilleur,Suspect identifié,Suspect identifiable,,,0,Pro-actif - Initiative (ICLA),RET - Retard manifeste d'une réponse à réquisition / expertise,0,0,0,0,2
581,Déterminé - Date précise ,Non déterminé - inconnu,28,57 USAGE DE STUPEFIANTS,,,,INFRACTIONS A LA REGLEMENTATION,,,,,N,Résolu - Total,Public,Hôtel,Aucun,Aucune,Négligence / Imprudence,Consommation d'alcool ou de drogue,Non,0,0,0,0,0,0,0,0,UT,1,Sans objet,1,4,Témoin direct (autre),Aucun,Suspect identifiable,,,,0,Réactif - Auto-résolution (CILA),0,0,0,0,0,1
571,Déterminé - Date précise ,Déterminé - Matin (07-12h00),24,32 VOLS A LA TIRE,,,,ATTEINTES AUX BIENS,,,,,N,Non résolu - Auteur non identifié,Privé,Chambre d'hôtel,Aucun,Aucune,Inconnu,Aucun,Non,Bijoux,0,0,0,0,0,0,0,UT,1,Sans objet,1,2,Victime plainte guichet,Aucun,0,,,,1,Réactif – Investigation (CILA),0,0,0,0,0,1
561,Déterminé - Date précise ,Déterminé - Nuit 1 (22-02h00),2,7 AUTRES COUPS ET BLESSURES VOLONTAIRES CRIMINELS OU CORRECTIONNELS,,,,ATTEINTES AUX PERSONNES,,,,,N,Résolu - Total,Privé,Habitation individuelle,Aucun,Arme blanche / contondante,Emotion,Consommation d'alcool ou de drogue,Membre famille,0,0,0,0,0,0,0,0,UT,1,Sans objet,1,1,Victime appel,Patrouilleur,Suspect interpellé,,,,0,Réactif - Flagrant-délit (LCIA),GR - Gravité ou sensibilité des faits,0,0,0,0,1
551,Déterminé - Date précise ,Non déterminé - Découverte au matin,43,27 CAMBRIOLAGES DE LOCAUX D HABITATION PRINCIPALE,,,,ATTEINTES AUX BIENS,,,,,N,Non résolu - Auteur non identifié,Privé,Habitation collective,Inconnu,Aucune,Inconnu,Aucun,Non,Bijoux,Informatique / multimédia,0,0,0,0,0,0,UT,1,Sans objet,1,3,Victime appel,Patrouilleur,Prélèvements dont l'exploitabilité n'est pas déterminée à ce stade,,,,0,Réactif – Investigation (CILA),STAT - Catégorie de crime faisant l'objet d'une pression statistique,0,0,0,0,1
541,Déterminé - Date précise ,Déterminé - Soir (17-22h00),77,32 VOLS A LA TIRE,,,,ATTEINTES AUX BIENS,,,,,N,Non résolu - Auteur non identifié,Public,Parties communes immeuble,Inconnu,Aucune,Inconnu,Aucun,Non,Documents d'identité,0,0,0,0,0,0,0,UT,1,Sans objet,1,2,Victime plainte guichet,Aucun,0,,,,0,Réactif – Investigation (CILA),FIN - Refus d'un acte d'enquête essentiel  par le magistrat au regard du coût financier,0,0,0,0,1
531,Déterminé - Date précise ,Déterminé - Matin (07-12h00),22,35 VOLS D AUTOMOBILES,,,,ATTEINTES AUX BIENS,,,,,O,Non résolu - Auteur non identifié,Public,Voie publique,Inconnu,Aucune,Inconnu,Aucun,Non,Véhicule,0,0,0,0,0,0,0,UT,1,Sans objet,1,2,Victime plainte guichet,Aucun,0,,,,0,Réactif – Investigation (CILA),0,0,0,0,0,1
521,Déterminé - Date précise ,Déterminé - Après-midi (12-17h00),1,7 AUTRES COUPS ET BLESSURES VOLONTAIRES CRIMINELS OU CORRECTIONNELS,,,,ATTEINTES AUX PERSONNES,,,,,N,Résolu - Total,Privé,Habitation collective,Aucun,Arme blanche / contondante,Emotion,Aucun,Membre famille,0,0,0,0,0,0,0,0,UT,1,Sans objet,1,4,Témoin indirect (voisin),Patrouilleur,Suspect interpellé,,,,0,Réactif - Flagrant-délit (LCIA),0,0,0,0,0,1
519,Déterminé - Date précise ,Déterminé - Nuit 1 (22-02h00),56,50 ATTEINTES SEXUELLES,,,,ATTEINTES AUX PERSONNES,,,,,N,Non résolu - Infraction non constituée,Public,Voie publique,Aucun,Aucune,Inconnu,Aucun,Non,0,0,0,0,0,0,0,0,UT,1,Sans objet,1,11,Victime appel,patrouilleur,0,,,,1,Réactif – Investigation (CILA),0,0,0,0,0,1
518,Déterminé - Date précise ,Déterminé - Après-midi (12-17h00),1,7 AUTRES COUPS ET BLESSURES VOLONTAIRES CRIMINELS OU CORRECTIONNELS,12 MENACES OU CHANTAGES DANS UN AUTRE BUT,,,ATTEINTES AUX PERSONNES,ATTEINTES AUX PERSONNES,,,,N,Résolu - Total,Public,Voie publique,Piéton,Arme blanche / contondante,Emotion,Aucun,Membre famille,0,0,0,0,0,0,0,0,UT,1,Sans objet,1,5,Victime appel,Patrouilleur,Suspect interpellé,,,,0,Réactif - Flagrant-délit (LCIA),GR - Gravité ou sensibilité des faits,0,0,0,0,1
517,Déterminé - Date précise ,Non déterminé - inconnu,16,47 VIOLS SUR DES MINEUR(E)S,,,,ATTEINTES AUX PERSONNES,,,,,N,Résolu - Total,Privé,Habitation collective,Aucun,Aucune,Emotion,Aucun,Membre famille,0,0,0,0,0,0,0,0,UT,1,Sans objet,1,5,Témoin direct (autre),Aucun,Suspect identifié,,,,0,Réactif - Auto-résolution (CILA),GR - Gravité ou sensibilité des faits,0,0,0,0,1
516,Déterminé - Infractions multiples,Non déterminé - inconnu,426,50 ATTEINTES SEXUELLES,,,,ATTEINTES AUX PERSONNES,,,,,N,Résolu - Total,Privé,Habitation individuelle,Aucun,Aucune,Emotion,Aucun,Membre famille,0,0,0,0,0,0,0,0,UT,2,Compétence lieu de domicile Auteur,2,5,Victime plainte guichet,Aucun,Suspect identifié,,,,0,Réactif - Auto-résolution (CILA),GR - Gravité ou sensibilité des faits,0,0,0,0,1
515,Déterminé - Date précise ,Déterminé - Après-midi (12-17h00),1,74 PORT OU DETENTION D ARMES PROHIBEES,12 MENACES OU CHANTAGES DANS UN AUTRE BUT,,,INFRACTIONS A LA REGLEMENTATION,ATTEINTES AUX PERSONNES,,,,N,Résolu - Partiel,Public,Train,Autre,Arme blanche / contondante,Emotion,Consommation d'alcool ou de drogue,Non,0,0,0,0,0,0,0,0,UT,1,Sans objet,1,6,Autre administration,Patrouilleur,Suspect interpellé,,,,0,Réactif - Flagrant-délit (LCIA),0,0,0,0,0,1
514,Déterminé – Infraction continue,Non déterminé - inconnu,3,91 ESCROQUERIES ET ABUS DE CONFIANCE,,,,ATTEINTES AUX BIENS,,,,,N,Résolu - Total,Autre,0,Aucun,Aucune,Rationalité,Aucun,Connaissance,Numéraire,0,0,0,0,0,0,0,UT,1,Sans objet,1,1,Autre administration,Aucun,Suspect identifié,Objets traçables,,,0,Réactif - Auto-résolution (CILA),0,0,0,0,0,2
513,Déterminé - Date précise ,Déterminé – Nuit 2 (02-07h00),1,67 AUTRES DESTRUCTIONS ET DEGRADATIONS DE BIENS PRIVES,32 VOLS A LA TIRE,12 MENACES OU CHANTAGES DANS UN AUTRE BUT,,ATTEINTES AUX BIENS,ATTEINTES AUX BIENS,ATTEINTES AUX PERSONNES,,,N,Résolu - Total,Public,,Piéton,Pieds / mains,Emotion,Consommation d'alcool ou de drogue,Non,Autres objets identifiables par la victime,0,0,0,0,0,0,0,UT,1,Sans objet,1,9,Témoin direct (voisin),Patrouilleur,Suspect interpellé,,,,0,Réactif - Flagrant-délit (LCIA),0,0,0,0,0,1
512,Déterminé - Date précise ,Déterminé - Soir (17-22h00),3,58 AUTRES INFRACTIONS A LA LEGISLATION SUR LES STUPEFIANTS,44 RECELS,81 FAUX DOCUMENTS D IDENTITE,,INFRACTIONS A LA REGLEMENTATION,ATTEINTES AUX BIENS,INFRACTIONS A LA REGLEMENTATION,,,N,Résolu - Total,Public,Voie publique,VHL volé,Aucune,Rationalité,Un trafic de stupéfiants,Non,Véhicule,0,0,0,0,0,0,0,UT,1,Sans objet,1,9,Unité en patrouille,Patrouilleur,Suspect interpellé,Objets traçables,,,0,Réactif - Flagrant-délit (LCIA),0,0,0,0,0,2
511,Déterminé - Date précise ,Non déterminé - Découverte fin de journée,518,27 CAMBRIOLAGES DE LOCAUX D HABITATION PRINCIPALE,,,,ATTEINTES AUX BIENS,,,,,N,Résolu - Total,Privé,Habitation individuelle,Inconnu,Aucune,Inconnu,Aucun,Non,Bijoux,Informatique / multimédia,0,0,0,0,0,0,UT,2,Compétence lieu de domicile Auteur,2,8,Victime appel,Patrouilleur + technicien spécialisé,Prélèvements dont l'exploitabilité n'est pas déterminée à ce stade,,,,0,Réactif – Investigation (CILA),STAT - Catégorie de crime faisant l'objet d'une pression statistique,0,0,0,0,1
510,Déterminé - Date précise ,Déterminé - Soir (17-22h00),3,55 TRAFIC ET REVENTE SANS USAGE DE STUPEFIANTS,,,,INFRACTIONS A LA REGLEMENTATION,,,,,N,Résolu - Total,Public,Parking,"VHL tiers (appartenant à un tiers dont location, ...)",Aucune,Rationalité,Un trafic de stupéfiants,Non,0,0,0,0,0,0,0,0,UT,1,Sans objet,1,13,Unité en patrouille,Patrouilleur,Suspect interpellé,Prélèvements exploitables,,,0,Réactif - Flagrant-délit (LCIA),GR - Gravité ou sensibilité des faits,0,0,0,0,2
501,Déterminé - Date précise ,Déterminé - Après-midi (12-17h00),211,32 VOLS A LA TIRE,,,,ATTEINTES AUX BIENS,,,,,N,Non résolu - Auteur non identifié,Public,Voie publique,Inconnu,Aucune,Rationalité,Aucun,Non,Numéraire,Autres objets identifiables par la victime,0,0,0,0,0,0,UT,1,Sans objet,1,2,Victime appel,Aucun,Objets traçables,,,,0,Réactif – Investigation (CILA),0,0,0,0,0,1
491,Déterminé - Infractions multiples,Non déterminé - inconnu,245,91 ESCROQUERIES ET ABUS DE CONFIANCE,,,,ATTEINTES AUX BIENS,,,,,N,Résolu - Total,Public,Cabinet d'assurance,Aucun,Aucune,Inconnu,Aucun,Non,Numéraire,0,0,0,0,0,0,0,UT,1,Sans objet,1,1,Victime plainte guichet,Aucun,Suspect identifié,,,,0,Réactif - Auto-résolution (CILA),0,0,0,0,0,1
481,Déterminé - Infractions multiples,Non déterminé - inconnu,25,12 MENACES OU CHANTAGES DANS UN AUTRE BUT,,,,ATTEINTES AUX PERSONNES,,,,,N,Résolu - Total,Autre,Téléphone,Aucun,Aucune,Emotion,Aucun,Membre famille,0,0,0,0,0,0,0,0,UT,1,Sans objet,1,1,Victime plainte guichet,Aucun,Suspect identifié,,,,0,Réactif - Auto-résolution (CILA),0,0,0,0,0,1
471,Déterminé - Date précise ,Non déterminé - Découverte fin de journée,276,27 CAMBRIOLAGES DE LOCAUX D HABITATION PRINCIPALE,,,,ATTEINTES AUX BIENS,,,,,N,Non résolu - Auteur non identifié,Privé,Habitation individuelle,Inconnu,Aucune,Inconnu,Aucun,Non,Bijoux,Informatique / multimédia,0,0,0,0,0,0,UT,1,Sans objet,1,2,Victime appel,Patrouilleur,Prélèvements exploitables,,,,0,Réactif – Investigation (CILA),RET - Retard manifeste d'une réponse à réquisition / expertise,STAT - Catégorie de crime faisant l'objet d'une pression statistique,0,0,0,1
461,Déterminé - Date précise ,Déterminé - Matin (07-12h00),17,38 VOLS D ACCESSOIRES SUR VEHICULES A MOTEUR IMMATRICULES,,,,ATTEINTES AUX BIENS,,,,,O,Non résolu - Mise en cause insuffisamment caractérisée,Public,Voie publique,VHL proprio (l'auteur est le propriétaire),Aucune,Opportunité,Aucun,Non,Accessoires de véhicule,0,0,0,0,0,0,0,UT,1,Sans objet,1,4,Victime appel,Patrouilleur,Suspect interpellé,,,,1,Réactif - Flagrant-délit (LCIA),0,0,0,0,0,1
451,Déterminé - Date précise ,Déterminé - Après-midi (12-17h00),38,7 AUTRES COUPS ET BLESSURES VOLONTAIRES CRIMINELS OU CORRECTIONNELS,68 DESTRUCTIONS ET DEGRADATIONS DE VEHICULES PRIVES,,,ATTEINTES AUX PERSONNES,ATTEINTES AUX BIENS,,,,N,Non résolu - Infraction non constituée,Privé,Habitation individuelle,Aucun,Pieds / mains,Emotion,Aucun,Membre famille,0,0,0,0,0,0,0,0,UT,1,Sans objet,1,1,Victime appel,Patrouilleur,Suspect identifié,,,,0,Réactif - Auto-résolution (CILA),0,0,0,0,0,1
441,Déterminé - Infractions multiples,Non déterminé - inconnu,2,13 ATTEINTES A LA DIGNITE ET A LA PERSONNALITE,,,,ATTEINTES AUX PERSONNES,,,,,N,Orienté - Enquête débouchant hors du territoire de compétence,Autre,Téléphone,Aucun,Aucune,Emotion,Aucun,Connaissance,0,0,0,0,0,0,0,0,UT,2,Sans objet,2,2,Victime plainte guichet,Aucun,Suspect identifié,,,,0,Réactif - Auto-résolution (CILA),UNI - Procédure traitée en PV unique,0,0,0,0,1
431,Déterminé - Date précise ,Déterminé – Nuit 2 (02-07h00),76,67 AUTRES DESTRUCTIONS ET DEGRADATIONS DE BIENS PRIVES,,,,ATTEINTES AUX BIENS,,,,,O,Résolu - Partiel,Public,Voie publique,Piéton,Aucune,Inconnu,Aucun,Non,0,0,0,0,0,0,0,0,UT,1,Sans objet,1,3,Unité en patrouille,Patrouilleur,Suspect interpellé,,,,0,Réactif - Flagrant-délit (LCIA),GR - Gravité ou sensibilité des faits,0,0,0,0,1
421,Déterminé - Date précise ,Déterminé - Soir (17-22h00),53,7 AUTRES COUPS ET BLESSURES VOLONTAIRES CRIMINELS OU CORRECTIONNELS,12 MENACES OU CHANTAGES DANS UN AUTRE BUT,,,ATTEINTES AUX PERSONNES,ATTEINTES AUX PERSONNES,,,,N,Non résolu - Infraction non constituée,Privé,Habitation individuelle,Aucun,Arme blanche / contondante,Emotion,Aucun,Membre famille,0,0,0,0,0,0,0,0,UT,1,Sans objet,1,1,Victime appel,Patrouilleur,Suspect identifié,,,,0,Réactif - Auto-résolution (CILA),0,0,0,0,0,1
419,Déterminé - Infractions multiples,Non déterminé - inconnu,78,49 HARCELEMENTS SEXUELS ET AUTRES AGGRESSIONS SEXUELLES CONTRE DES MINEUR(E)S,,,,ATTEINTES AUX PERSONNES,,,,,N,Résolu - Total,Public,Etablissement scolaire,Aucun,Aucune,Emotion,Aucun,Connaissance,0,0,0,0,0,0,0,0,UT,1,Sans objet,1,2,Victime plainte guichet,Aucun,Suspect identifié,Objets traçables,,,0,Réactif - Auto-résolution (CILA),0,0,0,0,0,2
418,Déterminé - Date précise ,Déterminé - Après-midi (12-17h00),10,7 AUTRES COUPS ET BLESSURES VOLONTAIRES CRIMINELS OU CORRECTIONNELS,,,,ATTEINTES AUX PERSONNES,,,,,N,Résolu - Total,Public,Hôtel,Aucun,Arme blanche / contondante,Emotion,Consommation d'alcool ou de drogue,Connaissance,0,0,0,0,0,0,0,0,UT,1,Sans objet,1,7,Victime appel,Patrouilleur,Suspect interpellé,,,,0,Pro-actif - Initiative (ICLA),"RENS - L'enquête a été l'occasion de collecter du renseignement directement utile (autre enquête, connaissance délinquance, …)",0,0,0,0,1
417,Déterminé - Date précise ,Déterminé – Nuit 2 (02-07h00),23,57 USAGE DE STUPEFIANTS,74 PORT OU DETENTION D ARMES PROHIBEES,,,INFRACTIONS A LA REGLEMENTATION,INFRACTIONS A LA REGLEMENTATION,,,,N,Résolu - Total,Public,Voie publique,VHL proprio (l'auteur est le propriétaire),Arme à feu,Négligence / Imprudence,Consommation d'alcool ou de drogue,Non,0,0,0,0,0,0,0,0,UT,1,Sans objet,1,2,Unité en patrouille,Patrouilleur,Suspect interpellé,,,,0,Réactif - Flagrant-délit (LCIA),0,0,0,0,0,1
416,Déterminé - Date précise ,Déterminé - Soir (17-22h00),1,53 DELITS AU SUJET DE LA GARDE DES MINEURS,,,,ATTEINTES AUX PERSONNES,,,,,N,Orienté - Enquête débouchant hors du territoire de compétence,Privé,Habitation collective,Aucun,Aucune,Inconnu,Aucun,Membre famille,0,0,0,0,0,0,0,0,UT,2,Compétence lieu de domicile Auteur,2,2,Victime plainte guichet,Aucun,Suspect identifié,,,,0,Réactif - Auto-résolution (CILA),0,0,0,0,0,1
415,Déterminé - Date précise ,Déterminé - Après-midi (12-17h00),5,32 VOLS A LA TIRE,,,,ATTEINTES AUX BIENS,,,,,N,Orienté - Enquête débouchant hors du territoire de compétence,Privé,Habitation individuelle,Aucun,Aucune,Rationalité,Aucun,Connaissance,Numéraire,0,0,0,0,0,0,0,UT,2,Compétence lieu de domicile Auteur,2,2,Victime plainte guichet,Aucun,Suspect identifiable,,,,0,Réactif - Auto-résolution (CILA),0,0,0,0,0,1
414,Déterminé - Date précise ,Déterminé - Nuit 1 (22-02h00),4,66 AUTRES DESTRUCTIONS ET DEGRADATIONS DE BIENS PUBLICS,107 AUTRES DELITS,,,ATTEINTES AUX BIENS,INFRACTIONS A LA REGLEMENTATION,,,,N,Résolu - Total,Public,Voie publique,VHL proprio (l'auteur est le propriétaire),Aucune,Négligence / Imprudence,Consommation d'alcool ou de drogue,Non,0,0,0,0,0,0,0,0,UT,1,Sans objet,1,4,Unité en patrouille,Patrouilleur,Suspect interpellé,,,,1,Réactif - Flagrant-délit (LCIA),GR - Gravité ou sensibilité des faits,0,0,0,0,1
413,Déterminé - Date précise ,Déterminé - Matin (07-12h00),185,7 AUTRES COUPS ET BLESSURES VOLONTAIRES CRIMINELS OU CORRECTIONNELS,,,,ATTEINTES AUX PERSONNES,,,,,N,Résolu - Partiel,Public,Voie publique,Aucun,Pieds / mains,Emotion,Aucun,Membre famille,0,0,0,0,0,0,0,0,UT,1,Sans objet,1,1,Victime plainte guichet,Aucun,Suspect identifié,,,,0,Réactif - Auto-résolution (CILA),0,0,0,0,0,1
412,Déterminé - Date précise ,Déterminé - Nuit 1 (22-02h00),59,58 AUTRES INFRACTIONS A LA LEGISLATION SUR LES STUPEFIANTS,,,,INFRACTIONS A LA REGLEMENTATION,,,,,N,Non résolu - Auteur non identifié,Public,Voie publique,Aucun,Aucune,Inconnu,Aucun,Non,0,0,0,0,0,0,0,0,UT,1,Sans objet,1,1,Unité en patrouille,Patrouilleur,Suspect interpellé,,,,1,Réactif - Flagrant-délit (LCIA),0,0,0,0,0,1
411,Non déterminé - Découverte suite à période d'absence,Non déterminé - inconnu,18,27 CAMBRIOLAGES DE LOCAUX D HABITATION PRINCIPALE,,,,ATTEINTES AUX BIENS,,,,,N,Non résolu - Auteur non identifié,Privé,Habitation individuelle,Inconnu,Aucune,Inconnu,Aucun,Non,Bijoux,0,0,0,0,0,0,0,UT,1,Sans objet,1,1,Victime appel,Patrouilleur,Objets traçables,,,,0,Réactif – Investigation (CILA),STAT - Catégorie de crime faisant l'objet d'une pression statistique,0,0,0,0,1
410,Déterminé - Date précise ,Déterminé – Nuit 2 (02-07h00),22,30 CAMBRIOLAGES D AUTRES LIEUX,,,,ATTEINTES AUX BIENS,,,,,N,Non résolu - Auteur non identifié,Privé,Hangar,Inconnu,Aucune,Inconnu,Aucun,Non,Autres objets identifiables par la victime,Autres objets non identifiables par la victime,0,0,0,0,0,0,UT,1,Sans objet,1,2,Victime appel,Patrouilleur,0,,,,0,Réactif – Investigation (CILA),STAT - Catégorie de crime faisant l'objet d'une pression statistique,0,0,0,0,1
401,Déterminé - Date précise ,Déterminé - Nuit 1 (22-02h00),7,57 USAGE DE STUPEFIANTS,,,,INFRACTIONS A LA REGLEMENTATION,,,,,N,Résolu - Total,Public,Voie publique,VHL proprio (l'auteur est le propriétaire),Aucune,Négligence / Imprudence,Consommation d'alcool ou de drogue,Non,0,0,0,0,0,0,0,0,UT,1,Sans objet,1,1,Unité en patrouille,Patrouilleur,Suspect interpellé,,,,0,Réactif - Flagrant-délit (LCIA),0,0,0,0,0,1
391,Non déterminé - Découverte suite à période d'absence,Non déterminé - inconnu,41,64 ATTENTATS A L EXPLOSIF CONTRE DES BIENS PUBLICS,,,,ATTEINTES AUX BIENS,,,,,N,Non résolu - Auteur non identifié,Public,Gare,Inconnu,Aucune,Inconnu,Aucun,Non,0,0,0,0,0,0,0,0,UT,1,Sans objet,1,1,Victime plainte guichet,Aucun,0,,,,0,Réactif – Investigation (CILA),"PERT - Acte d'investigation réalisé tardivement ayant entraîné perte d'éléments d'enquête (constatations, exploitation PTS, vidéo-protection, téléphonie, témoignage, … ) ",0,0,0,0,1
381,Déterminé - Date précise ,Déterminé - Après-midi (12-17h00),51,32 VOLS A LA TIRE,,,,ATTEINTES AUX BIENS,,,,,N,Orienté - Eléments non concrétisés à la clôture,Public,Fast food,Inconnu,Aucune,Inconnu,Aucun,Non,Numéraire,0,0,0,0,0,0,0,UT,1,Sans objet,1,2,Victime plainte guichet,Aucun,Objets traçables,,,,0,Réactif – Investigation (CILA),0,0,0,0,0,1
371,Déterminé - Date précise ,Déterminé - Soir (17-22h00),65,7 AUTRES COUPS ET BLESSURES VOLONTAIRES CRIMINELS OU CORRECTIONNELS,67 AUTRES DESTRUCTIONS ET DEGRADATIONS DE BIENS PRIVES,,,ATTEINTES AUX PERSONNES,ATTEINTES AUX BIENS,,,,N,Résolu - Total,Privé,Habitation collective,Aucun,Pieds / mains,Emotion,Aucun,Membre famille,0,0,0,0,0,0,0,0,UT,1,Sans objet,1,2,Victime plainte guichet,Aucun,Suspect identifié,,,,0,Réactif - Auto-résolution (CILA),0,0,0,0,0,1
361,Déterminé - Date précise ,Déterminé - Matin (07-12h00),13,43 AUTRES VOLS SIMPLES CONTRE DES PARTICULIERS DANS DES LOCAUX OU LIEUX PUBLICS,,,,ATTEINTES AUX BIENS,,,,,N,Non résolu - Auteur non identifié,Public,Voie publique,Inconnu,Aucune,Inconnu,Aucun,Non,Autres objets identifiables par la victime,0,0,0,0,0,0,0,UT,1,Sans objet,1,1,Victime plainte guichet,Aucun,Objets traçables,,,,0,Réactif – Investigation (CILA),UNI - Procédure traitée en PV unique,0,0,0,0,1
351,Déterminé - Date précise ,Déterminé - Soir (17-22h00),14,32 VOLS A LA TIRE,,,,ATTEINTES AUX BIENS,,,,,N,Non résolu - Auteur non identifié,Public,Restaurant,Inconnu,Aucune,Inconnu,Aucun,Non,Téléphone,0,0,0,0,0,0,0,UT,1,Sans objet,1,1,Victime plainte guichet,Aucun,Objets traçables,,,,0,Réactif – Investigation (CILA),UNI - Procédure traitée en PV unique,0,0,0,0,1
341,Déterminé - Date précise ,Déterminé - Après-midi (12-17h00),1,33 VOLS A L ETALAGE,,,,ATTEINTES AUX BIENS,,,,,N,Résolu - Total,Public,Commerce,Aucun,Aucune,Opportunité,Aucun,Non,Autres objets identifiables par la victime,0,0,0,0,0,0,0,UT,1,Sans objet,1,1,Victime appel,Patrouilleur,Suspect interpellé,,,,0,Réactif - Flagrant-délit (LCIA),0,0,0,0,0,1
331,Déterminé - Date précise ,Déterminé - Matin (07-12h00),67,33 VOLS A L ETALAGE,,,,ATTEINTES AUX BIENS,,,,,N,Non résolu - Auteur non identifié,Public,Commerce,"VHL tiers (appartenant à un tiers dont location, ...)",Aucune,Inconnu,Aucun,Non,Autres objets identifiables par la victime,0,0,0,0,0,0,0,UT,2,Rapprochement avec d'autres faits,2,3,Victime plainte guichet,Aucun,Suspect identifiable,,,,1,Réactif – Investigation (CILA),0,0,0,0,0,1
321,Déterminé - Date précise ,Déterminé - Soir (17-22h00),1,68 DESTRUCTIONS ET DEGRADATIONS DE VEHICULES PRIVES,,,,ATTEINTES AUX BIENS,,,,,N,Non résolu - Auteur non identifié,Public,Parking,VHL non identifié,Arme blanche / contondante,Emotion,Aucun,Non,0,0,0,0,0,0,0,0,UT,1,Sans objet,1,2,Victime plainte guichet,Aucun,0,,,,0,Réactif – Investigation (CILA),UNI - Procédure traitée en PV unique,0,0,0,0,1
319,Non déterminé - Découverte suite à période d'absence,Non déterminé - inconnu,2,30 CAMBRIOLAGES D AUTRES LIEUX,,,,ATTEINTES AUX BIENS,,,,,O,Non résolu - Auteur non identifié,Privé,Cave,Inconnu,Aucune,Inconnu,Aucun,Non,0,0,0,0,0,0,0,0,UT,1,Sans objet,1,1,Victime plainte guichet,Aucun,0,,,,0,Réactif – Investigation (CILA),UNI - Procédure traitée en PV unique,0,0,0,0,1
318,Déterminé - Date précise ,Non déterminé - Découverte au matin,1,66 AUTRES DESTRUCTIONS ET DEGRADATIONS DE BIENS PUBLICS,,,,ATTEINTES AUX BIENS,,,,,N,Non résolu - Auteur non identifié,Public,Transport en commun,Aucun,Arme blanche / contondante,Inconnu,Aucun,Non,0,0,0,0,0,0,0,0,UT,1,Sans objet,1,2,Victime plainte guichet,Aucun,0,,,,0,Réactif – Investigation (CILA),UNI - Procédure traitée en PV unique,0,0,0,0,1
317,Déterminé - Date précise ,Déterminé - Soir (17-22h00),1,37 VOLS A LA ROULOTTE,,,,ATTEINTES AUX BIENS,,,,,N,Non résolu - Auteur non identifié,Public,Voie publique,Inconnu,Aucune,Inconnu,Aucun,Non,Téléphone,0,0,0,0,0,0,0,UT,1,Sans objet,1,1,Victime plainte guichet,Aucun,Objets traçables,,,,0,Réactif – Investigation (CILA),UNI - Procédure traitée en PV unique,FIN - Refus d'un acte d'enquête essentiel  par le magistrat au regard du coût financier,0,0,0,1
316,Non déterminé - Découverte suite à période d'absence,Non déterminé - inconnu,27,91 ESCROQUERIES ET ABUS DE CONFIANCE,,,,ATTEINTES AUX BIENS,,,,,N,Orienté - Enquête débouchant hors du territoire de compétence,Autre,Internet,Aucun,Aucune,Rationalité,Aucun,Non,Numéraire,0,0,0,0,0,0,0,UT,2,Compétence lieu de domicile Auteur,2,2,Victime plainte guichet,Aucun,Objets traçables,,,,0,Réactif – Investigation (CILA),0,0,0,0,0,1
315,Déterminé - Date précise ,Déterminé - Après-midi (12-17h00),1,37 VOLS A LA ROULOTTE,,,,ATTEINTES AUX BIENS,,,,,N,Non résolu - Auteur non identifié,Public,Parking,Inconnu,Aucune,Inconnu,Aucun,Non,Téléphone,Numéraire,0,0,0,0,0,0,UT,1,Sans objet,1,1,Victime plainte guichet,Aucun,Objets traçables,,,,0,Réactif – Investigation (CILA),UNI - Procédure traitée en PV unique,FIN - Refus d'un acte d'enquête essentiel  par le magistrat au regard du coût financier,0,0,0,1
314,Non déterminé - Découverte suite à période d'absence,Non déterminé - inconnu,1,67 AUTRES DESTRUCTIONS ET DEGRADATIONS DE BIENS PRIVES,,,,ATTEINTES AUX BIENS,,,,,N,Non résolu - Auteur non identifié,Privé,Habitation individuelle,Inconnu,Aucune,Inconnu,Aucun,Non,0,0,0,0,0,0,0,0,UT,1,Sans objet,1,2,Victime plainte guichet,Aucun,0,,,,0,Réactif – Investigation (CILA),0,0,0,0,0,1
313,Déterminé - Date précise ,Déterminé - Soir (17-22h00),4,7 AUTRES COUPS ET BLESSURES VOLONTAIRES CRIMINELS OU CORRECTIONNELS,,,,ATTEINTES AUX PERSONNES,,,,,N,Orienté - Enquête débouchant hors du territoire de compétence,Public,Parking,Aucun,Pieds / mains,Emotion,Aucun,Non,0,0,0,0,0,0,0,0,UT,2,Compétence lieu de domicile Auteur,2,2,Témoin direct (autre),Patrouilleur,Suspect interpellé,Suspect identifié,,,0,Réactif - Flagrant-délit (LCIA),0,0,0,0,0,2
312,Non déterminé - Découverte suite à période d'absence,Non déterminé - inconnu,2,67 AUTRES DESTRUCTIONS ET DEGRADATIONS DE BIENS PRIVES,,,,ATTEINTES AUX BIENS,,,,,N,Non résolu - Auteur non identifié,Public,Voie publique,Inconnu,Aucune,Inconnu,Aucun,Non,0,0,0,0,0,0,0,0,UT,1,Sans objet,1,2,Victime appel,Aucun,0,,,,0,Réactif – Investigation (CILA),UNI - Procédure traitée en PV unique,0,0,0,0,1
311,Non déterminé - Découverte suite à période d'absence,Non déterminé - inconnu,17,42 AUTRES VOLS SIMPLES CONTRE DES PARTICULIERS DANS DES LOCAUX PRIVES,,,,ATTEINTES AUX BIENS,,,,,N,Non résolu - Auteur non identifié,Privé,Local à vélos,Inconnu,Aucune,Inconnu,Aucun,Non,Autres objets identifiables par la victime,0,0,0,0,0,0,0,UT,1,Sans objet,1,1,Constat incident à autre enquête,Aucun,0,,,,0,Réactif – Investigation (CILA),UNI - Procédure traitée en PV unique,0,0,0,0,1
310,Non déterminé - Découverte suite à période d'absence,Non déterminé - inconnu,17,42 AUTRES VOLS SIMPLES CONTRE DES PARTICULIERS DANS DES LOCAUX PRIVES,,,,ATTEINTES AUX BIENS,,,,,N,Non résolu - Auteur non identifié,Privé,Local à vélos,Inconnu,Aucune,Inconnu,Aucun,Non,Autres objets identifiables par la victime,0,0,0,0,0,0,0,UT,1,Sans objet,1,1,Victime plainte guichet,Aucun,0,,,,0,Réactif - Auto-résolution (CILA),UNI - Procédure traitée en PV unique,0,0,0,0,1
301,Déterminé - Date précise ,Déterminé - Après-midi (12-17h00),5,68 DESTRUCTIONS ET DEGRADATIONS DE VEHICULES PRIVES,,,,ATTEINTES AUX BIENS,,,,,N,Non résolu - Auteur non identifié,Public,Parking,Inconnu,Aucune,Inconnu,Aucun,Non,0,0,0,0,0,0,0,0,UT,1,Sans objet,1,1,Victime plainte guichet,Aucun,0,,,,0,Réactif – Investigation (CILA),0,0,0,0,0,1
291,Déterminé - Date précise ,Non déterminé - Découverte fin de journée,75,35 VOLS D AUTOMOBILES,,,,ATTEINTES AUX BIENS,,,,,N,Non résolu - Auteur non identifié,Public,Voie publique,Aucun,Aucune,Inconnu,Aucun,Non,Véhicule,0,0,0,0,0,0,0,UT,1,Sans objet,1,1,Victime plainte guichet,Aucun,Objets traçables,,,,0,Réactif – Investigation (CILA),UNI - Procédure traitée en PV unique,0,0,0,0,1
281,Déterminé - Date précise ,Déterminé – Nuit 2 (02-07h00),270,27 CAMBRIOLAGES DE LOCAUX D HABITATION PRINCIPALE,,,,ATTEINTES AUX BIENS,,,,,O,Non résolu - Auteur non identifié,Privé,Habitation individuelle,VHL non identifié,Aucune,Rationalité,Aucun,Non,0,0,0,0,0,0,0,0,UT,1,Sans objet,1,1,Victime appel,Patrouilleur,0,,,,0,Réactif – Investigation (CILA),STAT - Catégorie de crime faisant l'objet d'une pression statistique,"FAUT - Négligence, inertie ou faute de l'enquêteur ou du magistrat",0,0,0,1
271,Déterminé - Date précise ,Déterminé – Nuit 2 (02-07h00),100,"29 CAMBRIOLAGES DE LOCAUX INDUSTRIELS, COMMERCIAUX OU FINANCIERS",,,,ATTEINTES AUX BIENS,,,,,N,Non résolu - Auteur non identifié,Privé,Local commercial,Inconnu,Aucune,Rationalité,Aucun,Non,Numéraire,Bijoux,Autres objets non identifiables par la victime,0,0,0,0,0,UT,1,Sans objet,1,1,Victime appel,Patrouilleur,Prélèvements dont l'exploitabilité n'est pas déterminée à ce stade,,,,0,Réactif – Investigation (CILA),STAT - Catégorie de crime faisant l'objet d'une pression statistique,0,0,0,0,1
261,Déterminé - Date précise ,Déterminé - Après-midi (12-17h00),105,32 VOLS A LA TIRE,,,,ATTEINTES AUX BIENS,,,,,N,Non résolu - Mise en cause insuffisamment caractérisée,Public,Collège,Aucun,Aucune,Opportunité,Aucun,Connaissance,Téléphone,0,0,0,0,0,0,0,UT,1,Sans objet,1,3,Victime plainte guichet,Aucun,Suspect identifié,,,,0,Réactif - Auto-résolution (CILA),0,0,0,0,0,1
251,Déterminé - Date précise ,Non déterminé - inconnu,22,13 ATTEINTES A LA DIGNITE ET A LA PERSONNALITE,,,,ATTEINTES AUX PERSONNES,,,,,N,Résolu - Total,Autre,Voie postale,Autre,Aucune,Emotion,Aucun,Connaissance,0,0,0,0,0,0,0,0,UT,1,Sans objet,1,1,Victime plainte guichet,Aucun,Suspect identifié,,,,0,Réactif - Auto-résolution (CILA),0,0,0,0,0,1
241,Déterminé - Date précise ,Déterminé - Nuit 1 (22-02h00),12,"29 CAMBRIOLAGES DE LOCAUX INDUSTRIELS, COMMERCIAUX OU FINANCIERS",,,,ATTEINTES AUX BIENS,,,,,N,Non résolu - Auteur non identifié,Public,Parking,VHL non identifié,Aucune,Rationalité,Aucun,Non,Autres objets non identifiables par la victime,0,0,0,0,0,0,0,UT,1,Sans objet,1,1,Victime plainte guichet,Aucun,0,,,,0,Réactif – Investigation (CILA),UNI - Procédure traitée en PV unique,0,0,0,0,1
231,Déterminé - Date précise ,Non déterminé - inconnu,77,91 ESCROQUERIES ET ABUS DE CONFIANCE,,,,ATTEINTES AUX BIENS,,,,,N,Orienté - Enquête débouchant hors du territoire de compétence,Autre,Internet,Aucun,Aucune,Opportunité,Aucun,Connaissance,Numéraire,0,0,0,0,0,0,0,UT,2,Compétence lieu de domicile Auteur,2,2,Victime courrier parquet,Aucun,Suspect identifié,,,,0,Réactif - Auto-résolution (CILA),0,0,0,0,0,1
221,Déterminé - Infractions multiples,Non déterminé - inconnu,413,47 VIOLS SUR DES MINEUR(E)S,,,,ATTEINTES AUX PERSONNES,,,,,N,Orienté - Enquête débouchant hors du territoire de compétence,Privé,Habitation individuelle,Aucun,Aucune,Emotion,Aucun,Membre famille,0,0,0,0,0,0,0,0,UT,3,Compétence lieu de domicile Auteur,3,5,Témoin indirect (autre),Aucun,Suspect identifié,,,,0,Réactif – Investigation (CILA),0,0,0,0,0,1
219,Déterminé - Infractions multiples,Non déterminé - inconnu,63,91 ESCROQUERIES ET ABUS DE CONFIANCE,,,,ATTEINTES AUX BIENS,,,,,N,Orienté - Enquête débouchant hors du territoire de compétence,Autre,Internet,Aucun,Aucune,Rationalité,Aucun,Non,Numéraire,0,0,0,0,0,0,0,UT,6,Compétence lieu de domicile Auteur,7,8,Victime plainte guichet,Aucun,Objets traçables,,,,0,Réactif – Investigation (CILA),0,0,0,0,0,1
218,Déterminé - Date précise ,Déterminé - Soir (17-22h00),135,68 DESTRUCTIONS ET DEGRADATIONS DE VEHICULES PRIVES,,,,ATTEINTES AUX BIENS,,,,,N,Résolu - Total,Public,Voie publique,VHL proprio (l'auteur est le propriétaire),Aucune,Négligence / Imprudence,Aucun,Non,0,0,0,0,0,0,0,0,UT,1,Sans objet,1,1,Auteur,Aucun,Suspect identifié,,,,0,Réactif - Auto-résolution (CILA),0,0,0,0,0,1
217,Déterminé - Date précise ,Non déterminé - Découverte au matin,1,35 VOLS D AUTOMOBILES,,,,ATTEINTES AUX BIENS,,,,,O,Non résolu - Auteur non identifié,Public,Voie publique,Inconnu,Aucune,Inconnu,Aucun,Non,0,0,0,0,0,0,0,0,UT,1,Sans objet,1,1,Victime plainte guichet,Aucun,0,,,,0,Réactif – Investigation (CILA),UNI - Procédure traitée en PV unique,STAT - Catégorie de crime faisant l'objet d'une pression statistique,0,0,0,1
216,Déterminé - Date précise ,Déterminé - Nuit 1 (22-02h00),21,35 VOLS D AUTOMOBILES,,,,ATTEINTES AUX BIENS,,,,,N,Non résolu - Auteur non identifié,Public,Voie publique,Inconnu,Aucune,Inconnu,Aucun,Non,Véhicule,0,0,0,0,0,0,0,UT,1,Sans objet,1,1,Victime plainte guichet,Aucun,Objets traçables,,,,0,Réactif – Investigation (CILA),UNI - Procédure traitée en PV unique,STAT - Catégorie de crime faisant l'objet d'une pression statistique,0,0,0,1
215,Déterminé - Date précise ,Déterminé - Après-midi (12-17h00),35,31 VOLS AVEC ENTREE PAR RUSE EN TOUS LIEUX,,,,ATTEINTES AUX BIENS,,,,,N,Résolu - Total,Privé,Habitation collective,Aucun,Aucune,Inconnu,Aucun,Membre famille,Autres objets non identifiables par la victime,0,0,0,0,0,0,0,UT,1,Sans objet,1,2,Victime plainte guichet,Aucun,Suspect identifié,,,,0,Réactif - Auto-résolution (CILA),0,0,0,0,0,1
214,Déterminé - Date précise ,Déterminé - Nuit 1 (22-02h00),373,35 VOLS D AUTOMOBILES,,,,ATTEINTES AUX BIENS,,,,,N,Orienté - Eléments non concrétisés à la clôture,Public,Voie publique,Inconnu,Aucune,Inconnu,Aucun,Non,Véhicule,Informatique / multimédia,0,0,0,0,0,0,UT,1,Sans objet,1,2,Victime plainte guichet,Aucun,Objets traçables,,,,0,Réactif – Investigation (CILA),0,0,0,0,0,1
213,Déterminé - Date précise ,Déterminé - Matin (07-12h00),7,91 ESCROQUERIES ET ABUS DE CONFIANCE,,,,ATTEINTES AUX BIENS,,,,,O,Non résolu - Auteur non identifié,Autre,Internet,Aucun,Aucune,Rationalité,Aucun,Non,0,0,0,0,0,0,0,0,UT,1,Sans objet,1,1,Victime plainte guichet,Aucun,Objets traçables,,,,0,Réactif – Investigation (CILA),FIN - Refus d'un acte d'enquête essentiel  par le magistrat au regard du coût financier,0,0,0,0,1
212,Déterminé - Infractions multiples,Non déterminé - inconnu,95,91 ESCROQUERIES ET ABUS DE CONFIANCE,,,,ATTEINTES AUX BIENS,,,,,N,Orienté - Enquête débouchant hors du territoire de compétence,Autre,0,Aucun,Aucune,Opportunité,Aucun,Proche,Numéraire,0,0,0,0,0,0,0,UT,2,Compétence lieu de domicile Auteur,2,2,Victime plainte guichet,Aucun,Suspect identifié,,,,0,Réactif - Auto-résolution (CILA),0,0,0,0,0,1
211,Non déterminé - Découverte suite à période d'absence,Non déterminé - inconnu,10,68 DESTRUCTIONS ET DEGRADATIONS DE VEHICULES PRIVES,,,,ATTEINTES AUX BIENS,,,,,N,Résolu - Total,Public,Voie publique,Aucun,Arme blanche / contondante,Emotion,Aucun,Proche,0,0,0,0,0,0,0,0,UT,1,Sans objet,1,1,Victime plainte guichet,Aucun,Suspect identifié,,,,0,Réactif - Auto-résolution (CILA),0,0,0,0,0,1
210,Déterminé - Date précise ,Déterminé - Matin (07-12h00),291,32 VOLS A LA TIRE,,,,ATTEINTES AUX BIENS,,,,,N,Non résolu - Auteur non identifié,Public,Parking,Inconnu,Aucune,Rationalité,Aucun,Non,Numéraire,0,0,0,0,0,0,0,UT,1,Sans objet,1,1,Victime plainte guichet,Aucun,Objets traçables,,,,0,Réactif – Investigation (CILA),"PERT - Acte d'investigation réalisé tardivement ayant entraîné perte d'éléments d'enquête (constatations, exploitation PTS, vidéo-protection, téléphonie, témoignage, … ) ",0,0,0,0,1
201,Déterminé - Date précise ,Non déterminé - inconnu,37,91 ESCROQUERIES ET ABUS DE CONFIANCE,,,,ATTEINTES AUX BIENS,,,,,N,Orienté - Enquête débouchant hors du territoire de compétence,Autre,Voie postale,Aucun,Aucune,Opportunité,Aucun,Non,Numéraire,0,0,0,0,0,0,0,UT,2,Compétence lieu de domicile Auteur,2,2,Victime plainte guichet,Aucun,Objets traçables,,,,0,Réactif - Auto-résolution (CILA),0,0,0,0,0,1
199,Déterminé - Date précise ,Non déterminé - Découverte au matin,140,0 DECOUVERTE CADAVRE,,,,ATTEINTES AUX PERSONNES,,,,,N,Résolu - Total,Public,Chantier,Aucun,Aucune,Négligence / Imprudence,Aucun,Non,0,0,0,0,0,0,0,0,Co-saisine UT-BR,1,Sans objet,1,5,Témoin direct (autre),Patrouilleur + technicien et enquêteur spécialisés,Prélèvements exploitables,,,,1,Réactif – Investigation (CILA),GR - Gravité ou sensibilité des faits,0,0,0,0,1
198,Déterminé - Date précise ,Déterminé – Nuit 2 (02-07h00),22,68 DESTRUCTIONS ET DEGRADATIONS DE VEHICULES PRIVES,37 VOLS A LA ROULOTTE,,,ATTEINTES AUX BIENS,ATTEINTES AUX BIENS,,,,N,Non résolu - Auteur non identifié,Privé,0,Inconnu,Aucune,Inconnu,Aucun,Non,Autres objets identifiables par la victime,Autres objets non identifiables par la victime,0,0,0,0,0,0,UT,1,Sans objet,1,1,Victime plainte guichet,Aucun,Objets traçables,,,,0,Réactif – Investigation (CILA),0,0,0,0,0,1
197,Déterminé - Date précise ,Non déterminé - Découverte au matin,206,68 DESTRUCTIONS ET DEGRADATIONS DE VEHICULES PRIVES,38 VOLS D ACCESSOIRES SUR VEHICULES A MOTEUR IMMATRICULES,,,ATTEINTES AUX BIENS,ATTEINTES AUX BIENS,,,,N,Non résolu - Auteur non identifié,Public,Voie publique,Inconnu,Aucune,Inconnu,Aucun,Non,Accessoires de véhicule,0,0,0,0,0,0,0,UT,1,Sans objet,1,2,Victime plainte guichet,Aucun,0,,,,0,Réactif – Investigation (CILA),0,0,0,0,0,1
196,Déterminé - Infractions multiples,Non déterminé - inconnu,220,91 ESCROQUERIES ET ABUS DE CONFIANCE,,,,ATTEINTES AUX BIENS,,,,,N,Orienté - Eléments non concrétisés à la clôture,Autre,Internet,Aucun,Aucune,Rationalité,Aucun,Proche,Numéraire,0,0,0,0,0,0,0,UT,1,Sans objet,1,1,Victime plainte guichet,Aucun,Suspect identifié,,,,0,Réactif - Auto-résolution (CILA),0,0,0,0,0,1
195,Déterminé - Date précise ,Déterminé - Soir (17-22h00),182,27 CAMBRIOLAGES DE LOCAUX D HABITATION PRINCIPALE,,,,ATTEINTES AUX BIENS,,,,,O,Non résolu - Auteur non identifié,Privé,Habitation individuelle,Inconnu,Aucune,Rationalité,Aucun,Non,0,0,0,0,0,0,0,0,UT,1,Sans objet,1,2,Victime appel,Patrouilleur,0,,,,0,Réactif – Investigation (CILA),STAT - Catégorie de crime faisant l'objet d'une pression statistique,0,0,0,0,1
194,Déterminé - Date précise ,Non déterminé - Découverte au matin,87,35 VOLS D AUTOMOBILES,,,,ATTEINTES AUX BIENS,,,,,N,Non résolu - Auteur non identifié,Public,Parking,Inconnu,Aucune,Inconnu,Aucun,Non,Véhicule,Informatique / multimédia,0,0,0,0,0,0,UT,1,Sans objet,1,1,Victime plainte guichet,Aucun,Objets traçables,,,,0,Réactif – Investigation (CILA),STAT - Catégorie de crime faisant l'objet d'une pression statistique,0,0,0,0,1
193,Déterminé - Date précise ,Déterminé - Après-midi (12-17h00),11,7 AUTRES COUPS ET BLESSURES VOLONTAIRES CRIMINELS OU CORRECTIONNELS,,,,ATTEINTES AUX PERSONNES,,,,,N,Résolu - Total,Privé,Habitation individuelle,Aucun,Pieds / mains,Emotion,Aucun,Membre famille,0,0,0,0,0,0,0,0,UT,1,Sans objet,1,2,Victime plainte guichet,Aucun,Suspect interpellé,,,,0,Réactif - Auto-résolution (CILA),0,0,0,0,0,1
192,Déterminé - Date précise ,Déterminé - Matin (07-12h00),83,13 ATTEINTES A LA DIGNITE ET A LA PERSONNALITE,12 MENACES OU CHANTAGES DANS UN AUTRE BUT,,,ATTEINTES AUX PERSONNES,ATTEINTES AUX PERSONNES,,,,N,Résolu - Total,Autre,Téléphone,Aucun,Aucune,Emotion,Consommation d'alcool ou de drogue,Non,0,0,0,0,0,0,0,0,UT,1,Sans objet,1,3,Victime plainte guichet,Aucun,Suspect identifiable,,,,0,Réactif – Investigation (CILA),0,0,0,0,0,1
191,Déterminé - Date précise ,Déterminé - Soir (17-22h00),1,57 USAGE DE STUPEFIANTS,,,,INFRACTIONS A LA REGLEMENTATION,,,,,N,Résolu - Total,Public,Parking,VHL proprio (l'auteur est le propriétaire),Aucune,Négligence / Imprudence,Consommation d'alcool ou de drogue,Non,0,0,0,0,0,0,0,0,UT,1,Sans objet,1,2,Unité en patrouille,Patrouilleur,Suspect interpellé,,,,0,Réactif - Flagrant-délit (LCIA),0,0,0,0,0,1
190,Déterminé - Date précise ,Déterminé - Matin (07-12h00),335,91 ESCROQUERIES ET ABUS DE CONFIANCE,,,,ATTEINTES AUX BIENS,,,,,N,Orienté - Enquête débouchant hors du territoire de compétence,Privé,Habitation individuelle,VHL non identifié,Aucune,Rationalité,Aucun,Non,Numéraire,0,0,0,0,0,0,0,UT,2,Compétence lieu de domicile Auteur,2,4,Victime plainte guichet,Aucun,Suspect identifiable,,,,0,Réactif - Auto-résolution (CILA),"FAUT - Négligence, inertie ou faute de l'enquêteur ou du magistrat",0,0,0,0,1
189,Déterminé - Date précise ,Déterminé - Après-midi (12-17h00),167,32 VOLS A LA TIRE,,,,ATTEINTES AUX BIENS,,,,,N,Orienté - Eléments non concrétisés à la clôture,Public,Fast food,Inconnu,Aucune,Opportunité,Aucun,Non,Numéraire,0,0,0,0,0,0,0,UT,1,Sans objet,1,2,Victime plainte guichet,Aucun,Objets traçables,,,,0,Réactif – Investigation (CILA),0,0,0,0,0,1
188,Déterminé - Date précise ,Non déterminé - Découverte au matin,230,27 CAMBRIOLAGES DE LOCAUX D HABITATION PRINCIPALE,,,,ATTEINTES AUX BIENS,,,,,N,Non résolu - Auteur non identifié,Public,Chantier,Inconnu,Aucune,Rationalité,Aucun,Non,Autres objets identifiables par la victime,0,0,0,0,0,0,0,UT,1,Sans objet,1,7,Victime appel,Patrouilleur,0,,,,1,Réactif – Investigation (CILA),GR - Gravité ou sensibilité des faits,STAT - Catégorie de crime faisant l'objet d'une pression statistique,0,0,0,1
187,Déterminé - Date précise ,Déterminé - Après-midi (12-17h00),-68,12 MENACES OU CHANTAGES DANS UN AUTRE BUT,67 AUTRES DESTRUCTIONS ET DEGRADATIONS DE BIENS PRIVES,,,ATTEINTES AUX PERSONNES,ATTEINTES AUX BIENS,,,,N,Non résolu - Mise en cause insuffisamment caractérisée,Public,Cabinet médical,Piéton,Arme blanche / contondante,Inconnu,Aucun,Connaissance,0,0,0,0,0,0,0,0,UT,1,Sans objet,1,1,Victime plainte guichet,Aucun,Suspect identifié,,,,0,Réactif - Auto-résolution (CILA),"FAUT - Négligence, inertie ou faute de l'enquêteur ou du magistrat",0,0,0,0,1
186,Déterminé - Date précise ,Non déterminé - Découverte au matin,375,27 CAMBRIOLAGES DE LOCAUX D HABITATION PRINCIPALE,,,,ATTEINTES AUX BIENS,,,,,N,Non résolu - Auteur non identifié,Privé,Habitation individuelle,Inconnu,Aucune,Rationalité,Aucun,Non,Véhicule,Autres objets non identifiables par la victime,0,0,0,0,0,0,UT,1,Sans objet,2,6,Victime appel,Patrouilleur,Prélèvements dont l'exploitabilité n'est pas déterminée à ce stade,,,,1,Réactif – Investigation (CILA),RET - Retard manifeste d'une réponse à réquisition / expertise,0,0,0,0,1
185,Déterminé - Date précise ,Déterminé - Matin (07-12h00),385,33 VOLS A L ETALAGE,,,,ATTEINTES AUX BIENS,,,,,N,Résolu - Total,Public,Station service,VHL proprio (l'auteur est le propriétaire),Aucune,Opportunité,Aucun,Non,Autres objets non identifiables par la victime,0,0,0,0,0,0,0,UT,1,Sans objet,2,2,Victime plainte guichet,Aucun,Véhicule identifiable,,,,0,Réactif - Auto-résolution (CILA),"FAUT - Négligence, inertie ou faute de l'enquêteur ou du magistrat",0,0,0,0,1
184,Déterminé - Date précise ,Non déterminé - Découverte au matin,62,35 VOLS D AUTOMOBILES,,,,ATTEINTES AUX BIENS,,,,,N,Non résolu - Auteur non identifié,Public,Parking,Inconnu,Aucune,Inconnu,Aucun,Non,Véhicule,0,0,0,0,0,0,0,UT,1,Sans objet,1,1,Victime plainte guichet,Aucun,Objets traçables,,,,0,Réactif – Investigation (CILA),STAT - Catégorie de crime faisant l'objet d'une pression statistique,0,0,0,0,1
183,Déterminé - Date précise ,Non déterminé - Découverte fin de journée,80,27 CAMBRIOLAGES DE LOCAUX D HABITATION PRINCIPALE,,,,ATTEINTES AUX BIENS,,,,,N,Non résolu - Auteur non identifié,Privé,Habitation individuelle,Inconnu,Aucune,Rationalité,Aucun,Non,Bijoux,0,0,0,0,0,0,0,UT,1,Sans objet,1,2,Victime appel,Patrouilleur,0,,,,0,Réactif – Investigation (CILA),STAT - Catégorie de crime faisant l'objet d'une pression statistique,0,0,0,0,1
182,Déterminé - Date précise ,Non déterminé - inconnu,103,91 ESCROQUERIES ET ABUS DE CONFIANCE,,,,ATTEINTES AUX BIENS,,,,,N,Orienté - Enquête débouchant hors du territoire de compétence,Autre,Internet,Aucun,Aucune,Rationalité,Aucun,Non,Numéraire,0,0,0,0,0,0,0,UT,2,Compétence lieu de domicile Auteur,2,2,Victime plainte guichet,Aucun,Objets traçables,,,,0,Réactif – Investigation (CILA),0,0,0,0,0,1
181,Déterminé - Date précise ,Déterminé - Après-midi (12-17h00),1,57 USAGE DE STUPEFIANTS,,,,INFRACTIONS A LA REGLEMENTATION,,,,,N,Résolu - Total,Public,Voie publique,"VHL tiers (appartenant à un tiers dont location, ...)",Aucune,Négligence / Imprudence,Consommation d'alcool ou de drogue,Non,0,0,0,0,0,0,0,0,UT,1,Sans objet,1,2,Unité en patrouille,Patrouilleur,Suspect interpellé,,,,0,Réactif - Flagrant-délit (LCIA),0,0,0,0,0,1
180,Déterminé - Date précise ,Déterminé - Soir (17-22h00),82,27 CAMBRIOLAGES DE LOCAUX D HABITATION PRINCIPALE,,,,ATTEINTES AUX BIENS,,,,,N,Non résolu - Auteur non identifié,Privé,Habitation individuelle,Inconnu,Aucune,Rationalité,Aucun,Non,Bijoux,Informatique / multimédia,Autres objets identifiables par la victime,Autres objets non identifiables par la victime,0,0,0,0,UT,1,Sans objet,1,2,Victime appel,Patrouilleur,Prélèvements dont l'exploitabilité n'est pas déterminée à ce stade,,,,0,Réactif – Investigation (CILA),STAT - Catégorie de crime faisant l'objet d'une pression statistique,0,0,0,0,1
179,Déterminé - Date précise ,Non déterminé - Découverte fin de journée,54,27 CAMBRIOLAGES DE LOCAUX D HABITATION PRINCIPALE,,,,ATTEINTES AUX BIENS,,,,,N,Non résolu - Auteur non identifié,Privé,Habitation individuelle,Inconnu,Aucune,Rationalité,Aucun,Non,0,0,0,0,0,0,0,0,UT,1,Sans objet,1,1,Victime appel,Patrouilleur,Prélèvements dont l'exploitabilité n'est pas déterminée à ce stade,,,,0,Réactif – Investigation (CILA),STAT - Catégorie de crime faisant l'objet d'une pression statistique,0,0,0,0,1
178,Déterminé - Date précise ,Déterminé - Soir (17-22h00),12,32 VOLS A LA TIRE,36 VOLS DE VEHICULES MOTORISES A DEUX ROUES,74 PORT OU DETENTION D ARMES PROHIBEES,7 AUTRES COUPS ET BLESSURES VOLONTAIRES CRIMINELS OU CORRECTIONNELS,ATTEINTES AUX BIENS,ATTEINTES AUX BIENS,INFRACTIONS A LA REGLEMENTATION,ATTEINTES AUX PERSONNES,,N,Résolu - Total,Public,Place,Inconnu,Arme blanche / contondante,Emotion,Consommation d'alcool ou de drogue,Connaissance,Téléphone,Véhicule,0,0,0,0,0,0,UT,1,Sans objet,1,4,Victime appel,Patrouilleur,Suspect identifié,,,,0,Réactif - Auto-résolution (CILA),"RENS - L'enquête a été l'occasion de collecter du renseignement directement utile (autre enquête, connaissance délinquance, …)",0,0,0,0,1
177,Déterminé - Date précise ,Déterminé - Après-midi (12-17h00),26,57 USAGE DE STUPEFIANTS,,,,INFRACTIONS A LA REGLEMENTATION,,,,,N,Résolu - Total,Public,Voie publique,VHL proprio (l'auteur est le propriétaire),Aucune,Négligence / Imprudence,Consommation d'alcool ou de drogue,Non,0,0,0,0,0,0,0,0,UT,1,Sans objet,1,3,Victime appel,Patrouilleur,Véhicule identifiable,,,,0,Réactif - Flagrant-délit (LCIA),0,0,0,0,0,1
176,Déterminé - Date précise ,Déterminé - Soir (17-22h00),3,91 ESCROQUERIES ET ABUS DE CONFIANCE,,,,ATTEINTES AUX BIENS,,,,,N,Orienté - Enquête débouchant hors du territoire de compétence,Autre,Internet,Aucun,Aucune,Rationalité,Aucun,Non,Numéraire,0,0,0,0,0,0,0,UT,1,Sans objet,1,2,Victime plainte guichet,Aucun,Objets traçables,,,,0,Réactif – Investigation (CILA),0,0,0,0,0,1
175,Déterminé - Date précise ,Déterminé - Après-midi (12-17h00),2,35 VOLS D AUTOMOBILES,73 VIOLENCES A DEPOSITAIRES DE L AUTORITE,12 MENACES OU CHANTAGES DANS UN AUTRE BUT,,ATTEINTES AUX BIENS,ATTEINTES AUX PERSONNES,ATTEINTES AUX PERSONNES,,,O,Résolu - Total,Public,Voie publique,VHL proprio (l'auteur est le propriétaire),Aucune,Rationalité,Aucun,Non,0,0,0,0,0,0,0,0,Co-saisine UT-BR,1,Sans objet,1,10,Témoin direct (autre),Patrouilleur,Suspect interpellé,,,,0,Réactif - Flagrant-délit (LCIA),GR - Gravité ou sensibilité des faits,VAL - Affaire représentant un enjeux de valorisation personnelle pour l'enquêteur,0,0,0,1
174,Déterminé - Date précise ,Déterminé - Après-midi (12-17h00),1,7 AUTRES COUPS ET BLESSURES VOLONTAIRES CRIMINELS OU CORRECTIONNELS,,,,ATTEINTES AUX PERSONNES,,,,,N,Résolu - Total,Public,Parc d'attraction,Aucun,Pieds / mains,Emotion,Aucun,Non,0,0,0,0,0,0,0,0,UT,1,Sans objet,1,1,Témoin direct (autre),Patrouilleur,Suspect interpellé,,,,0,Réactif - Flagrant-délit (LCIA),0,0,0,0,0,1
173,Déterminé - Date précise ,Déterminé – Nuit 2 (02-07h00),128,7 AUTRES COUPS ET BLESSURES VOLONTAIRES CRIMINELS OU CORRECTIONNELS,32 VOLS A LA TIRE,,,ATTEINTES AUX PERSONNES,ATTEINTES AUX BIENS,,,,N,Résolu - Total,Public,Salle des fêtes,Inconnu,Pieds / mains,Emotion,Consommation d'alcool ou de drogue,Connaissance,Autres objets non identifiables par la victime,0,0,0,0,0,0,0,UT,1,Sans objet,1,1,Victime appel,Patrouilleur,Suspect identifiable,,,,0,Réactif – Investigation (CILA),0,0,0,0,0,1
172,Déterminé - Infractions multiples,Non déterminé - inconnu,626,50 ATTEINTES SEXUELLES,,,,ATTEINTES AUX PERSONNES,,,,,N,Résolu - Partiel,Privé,Habitation individuelle,Aucun,Aucune,Emotion,Consommation d'alcool ou de drogue,Membre famille,0,0,0,0,0,0,0,0,UT,2,Compétence lieu de domicile Auteur,2,4,Victime plainte guichet,Aucun,Suspect identifié,,,,0,Réactif - Auto-résolution (CILA),GR - Gravité ou sensibilité des faits,"FAUT - Négligence, inertie ou faute de l'enquêteur ou du magistrat",0,0,0,1
171,Déterminé - Date précise ,Non déterminé - Découverte fin de journée,32,67 AUTRES DESTRUCTIONS ET DEGRADATIONS DE BIENS PRIVES,,,,ATTEINTES AUX BIENS,,,,,O,Résolu - Total,Privé,Parking,Aucun,Aucune,Rationalité,Aucun,Connaissance,0,0,0,0,0,0,0,0,UT,1,Sans objet,1,2,Victime plainte guichet,Aucun,Suspect identifié,,,,0,Réactif - Auto-résolution (CILA),0,0,0,0,0,1
170,Déterminé - Date précise ,Non déterminé - inconnu,34,91 ESCROQUERIES ET ABUS DE CONFIANCE,,,,ATTEINTES AUX BIENS,,,,,N,Non résolu - Auteur non identifié,Autre,Internet,Aucun,Aucune,Inconnu,Aucun,Non,Numéraire,0,0,0,0,0,0,0,UT,1,Sans objet,1,1,Victime plainte guichet,Aucun,Objets traçables,,,,0,Réactif – Investigation (CILA),0,0,0,0,0,1
169,Déterminé - Infractions multiples,Non déterminé - inconnu,51,13 ATTEINTES A LA DIGNITE ET A LA PERSONNALITE,,,,ATTEINTES AUX PERSONNES,,,,,N,Résolu - Total,Autre,Internet,Aucun,Aucune,Rationalité,Aucun,Connaissance,0,0,0,0,0,0,0,0,UT,1,Sans objet,1,2,Victime plainte guichet,Aucun,Suspect identifié,Objets traçables,,,0,Réactif - Auto-résolution (CILA),GR - Gravité ou sensibilité des faits,0,0,0,0,2
168,Déterminé - Date précise ,Déterminé - Soir (17-22h00),3,33 VOLS A L ETALAGE,,,,ATTEINTES AUX BIENS,,,,,N,Orienté - Enquête débouchant hors du territoire de compétence,Public,Magasin,"VHL tiers (appartenant à un tiers dont location, ...)",Aucune,Rationalité,Aucun,Non,Autres objets identifiables par la victime,0,0,0,0,0,0,0,UT,2,Compétence lieu de domicile Auteur,2,2,Victime plainte guichet,Aucun,Suspect identifiable,,,,0,Réactif – Investigation (CILA),0,0,0,0,0,1
167,Déterminé - Date précise ,Non déterminé - Découverte fin de journée,90,27 CAMBRIOLAGES DE LOCAUX D HABITATION PRINCIPALE,,,,ATTEINTES AUX BIENS,,,,,O,Non résolu - Auteur non identifié,Privé,Habitation individuelle,Inconnu,Aucune,Rationalité,Aucun,Non,0,0,0,0,0,0,0,0,UT,1,Sans objet,1,3,Témoin indirect (voisin),Patrouilleur,0,,,,0,Réactif – Investigation (CILA),STAT - Catégorie de crime faisant l'objet d'une pression statistique,0,0,0,0,1
166,Déterminé - Infractions multiples,Non déterminé - inconnu,41,33 VOLS A L ETALAGE,44 RECELS,,,ATTEINTES AUX BIENS,ATTEINTES AUX BIENS,,,,N,Résolu - Partiel,Privé,Locaux commerciaux,Inconnu,Aucune,Rationalité,Aucun,Non,Bijoux,Autres objets non identifiables par la victime,0,0,0,0,0,0,UT,1,Sans objet,1,7,Victime appel,Aucun,Objets traçables,,,,0,Réactif - Auto-résolution (CILA),0,0,0,0,0,1
165,Déterminé - Date précise ,Déterminé - Après-midi (12-17h00),158,0 DECOUVERTE CADAVRE,,,,ATTEINTES AUX PERSONNES,,,,,N,Résolu - Total,Public,Forêt,VHL proprio (l'auteur est le propriétaire),Arme à feu,Emotion,Consommation d'alcool ou de drogue,Non,0,0,0,0,0,0,0,0,UT,1,Sans objet,1,9,Pompiers,Patrouilleur + enquêteur spécialisé,Suspect identifiable,Véhicule identifiable,Prélèvements exploitables,Objets traçables,1,Réactif – Investigation (CILA),GR - Gravité ou sensibilité des faits,0,0,0,0,4
164,Déterminé - Infractions multiples,Non déterminé - inconnu,116,91 ESCROQUERIES ET ABUS DE CONFIANCE,,,,ATTEINTES AUX BIENS,,,,,N,Orienté - Enquête débouchant hors du territoire de compétence,Public,Garage,Aucun,Aucune,Négligence / Imprudence,Aucun,Connaissance,Numéraire,0,0,0,0,0,0,0,UT,2,Sans objet,2,19,Victime plainte guichet,Aucun,Suspect identifié,Objets traçables,,,0,Réactif - Auto-résolution (CILA),STAT - Catégorie de crime faisant l'objet d'une pression statistique,VAL - Affaire représentant un enjeux de valorisation personnelle pour l'enquêteur,0,0,0,2
163,Non déterminé - Découverte suite à période d'absence,Non déterminé - inconnu,54,35 VOLS D AUTOMOBILES,,,,ATTEINTES AUX BIENS,,,,,N,Non résolu - Auteur non identifié,Public,Voie publique,Inconnu,Aucune,Inconnu,Aucun,Non,Véhicule,0,0,0,0,0,0,0,UT,1,Sans objet,1,2,Unité en patrouille,Patrouilleur,0,,,,0,Réactif – Investigation (CILA),UNI - Procédure traitée en PV unique,0,0,0,0,1
162,Déterminé - Date précise ,Déterminé - Après-midi (12-17h00),55,68 DESTRUCTIONS ET DEGRADATIONS DE VEHICULES PRIVES,,,,ATTEINTES AUX BIENS,,,,,N,Orienté - Eléments non concrétisés à la clôture,Public,Voie publique,VHL proprio (l'auteur est le propriétaire),Aucune,Négligence / Imprudence,Aucun,Connaissance,0,0,0,0,0,0,0,0,UT,1,Sans objet,1,1,Victime plainte guichet,Aucun,Suspect identifié,,,,0,Réactif - Auto-résolution (CILA),0,0,0,0,0,1
161,Déterminé - Date précise ,Déterminé - Soir (17-22h00),36,32 VOLS A LA TIRE,,,,ATTEINTES AUX BIENS,,,,,N,Non résolu - Auteur non identifié,Public,Vestiaire,Inconnu,Aucune,Inconnu,Aucun,Non,Téléphone,0,0,0,0,0,0,0,UT,1,Sans objet,1,1,Victime plainte guichet,Aucun,Objets traçables,,,,0,Réactif – Investigation (CILA),UNI - Procédure traitée en PV unique,FIN - Refus d'un acte d'enquête essentiel  par le magistrat au regard du coût financier,0,0,0,1
160,Déterminé - Date précise ,Déterminé - Matin (07-12h00),10,91 ESCROQUERIES ET ABUS DE CONFIANCE,,,,ATTEINTES AUX BIENS,,,,,N,Résolu - Total,Public,Magasin,Aucun,Aucune,Négligence / Imprudence,Aucun,Non,Numéraire,0,0,0,0,0,0,0,UT,1,Sans objet,1,1,Victime plainte guichet,Aucun,Objets traçables,Suspect identifié,,,0,Réactif - Auto-résolution (CILA),0,0,0,0,0,2
159,Déterminé - Date précise ,Déterminé - Après-midi (12-17h00),59,68 DESTRUCTIONS ET DEGRADATIONS DE VEHICULES PRIVES,13 ATTEINTES A LA DIGNITE ET A LA PERSONNALITE,,,ATTEINTES AUX BIENS,ATTEINTES AUX PERSONNES,,,,N,Orienté - Enquête débouchant hors du territoire de compétence,Public,Voie publique,VHL proprio (l'auteur est le propriétaire),Pieds / mains,Emotion,Aucun,Non,0,0,0,0,0,0,0,0,UT,2,Compétence lieu de domicile Auteur,2,2,Victime plainte guichet,Aucun,Véhicule identifié,Suspect identifiable,,,1,Réactif - Auto-résolution (CILA),UNI - Procédure traitée en PV unique,0,0,0,0,2
158,Déterminé - Date précise ,Non déterminé - Découverte au matin,12,35 VOLS D AUTOMOBILES,,,,ATTEINTES AUX BIENS,,,,,N,Non résolu - Auteur non identifié,Public,Parking,Inconnu,Aucune,Inconnu,Aucun,Non,Véhicule,0,0,0,0,0,0,0,UT,1,Sans objet,1,2,Victime plainte guichet,Aucun,Objets traçables,,,,0,Réactif – Investigation (CILA),UNI - Procédure traitée en PV unique,0,0,0,0,1
157,Déterminé - Date précise ,Déterminé - Après-midi (12-17h00),39,37 VOLS A LA ROULOTTE,,,,ATTEINTES AUX BIENS,,,,,N,Non résolu - Auteur non identifié,Public,Parking,Inconnu,Aucune,Opportunité,Aucun,Non,Numéraire,0,0,0,0,0,0,0,UT,1,Sans objet,1,1,Victime plainte guichet,Aucun,0,,,,0,Réactif – Investigation (CILA),UNI - Procédure traitée en PV unique,0,0,0,0,1
156,Déterminé - Date précise ,Déterminé - Après-midi (12-17h00),43,32 VOLS A LA TIRE,,,,ATTEINTES AUX BIENS,,,,,N,Non résolu - Auteur non identifié,Public,Bar,Inconnu,Aucune,Opportunité,Aucun,Non,Téléphone,0,0,0,0,0,0,0,UT,1,Sans objet,1,1,Victime plainte guichet,Aucun,Objets traçables,,,,0,Réactif – Investigation (CILA),UNI - Procédure traitée en PV unique,FIN - Refus d'un acte d'enquête essentiel  par le magistrat au regard du coût financier,0,0,0,1
155,Déterminé - Date précise ,Déterminé - Matin (07-12h00),173,32 VOLS A LA TIRE,,,,ATTEINTES AUX BIENS,,,,,N,Non résolu - Auteur non identifié,Public,Magasin,Inconnu,Aucune,Inconnu,Aucun,Non,Autres objets identifiables par la victime,Numéraire,0,0,0,0,0,0,UT,1,Sans objet,1,2,Victime plainte guichet,Aucun,Objets traçables,,,,0,Réactif – Investigation (CILA),"PERT - Acte d'investigation réalisé tardivement ayant entraîné perte d'éléments d'enquête (constatations, exploitation PTS, vidéo-protection, téléphonie, témoignage, … ) ",0,0,0,0,1
154,Déterminé - Date précise ,Déterminé – Nuit 2 (02-07h00),42,27 CAMBRIOLAGES DE LOCAUX D HABITATION PRINCIPALE,,,,ATTEINTES AUX BIENS,,,,,O,Non résolu - Auteur non identifié,Privé,Habitation individuelle,Inconnu,Aucune,Inconnu,Aucun,Non,0,0,0,0,0,0,0,0,UT,1,Sans objet,1,1,Victime appel,Patrouilleur,0,,,,0,Réactif – Investigation (CILA),STAT - Catégorie de crime faisant l'objet d'une pression statistique,UNI - Procédure traitée en PV unique,POL - Pollution de la scène d'infraction par 1ers intervenants ou victime,0,0,1
153,Déterminé - Date précise ,Déterminé - Soir (17-22h00),2,32 VOLS A LA TIRE,,,,ATTEINTES AUX BIENS,,,,,N,Non résolu - Auteur non identifié,Public,Etablissement scolaire,Aucun,Aucune,Opportunité,Aucun,Non,Téléphone,0,0,0,0,0,0,0,UT,1,Sans objet,1,1,Victime plainte guichet,Aucun,Objets traçables,,,,0,Réactif – Investigation (CILA),FIN - Refus d'un acte d'enquête essentiel  par le magistrat au regard du coût financier,0,0,0,0,1
152,Déterminé - Date précise ,Déterminé - Nuit 1 (22-02h00),3,"29 CAMBRIOLAGES DE LOCAUX INDUSTRIELS, COMMERCIAUX OU FINANCIERS",,,,ATTEINTES AUX BIENS,,,,,N,Résolu - Total,Privé,Ecole maternelle,Piéton,Aucune,Rationalité,Aucun,Non,Autres objets non identifiables par la victime,0,0,0,0,0,0,0,UT,1,Sans objet,1,4,Témoin direct (voisin),Patrouilleur,Suspect interpellé,,,,0,Réactif - Flagrant-délit (LCIA),VAL - Affaire représentant un enjeux de valorisation personnelle pour l'enquêteur,0,0,0,0,1
151,Déterminé - Date précise ,Déterminé - Nuit 1 (22-02h00),1,57 USAGE DE STUPEFIANTS,44 RECELS,107 AUTRES DELITS,,INFRACTIONS A LA REGLEMENTATION,ATTEINTES AUX BIENS,INFRACTIONS A LA REGLEMENTATION,,,N,Résolu - Total,Public,Voie publique,VHL volé,Aucune,Négligence / Imprudence,Consommation d'alcool ou de drogue,Non,0,0,0,0,0,0,0,0,UT,2,Sans objet,1,4,Unité en patrouille,Patrouilleur,Suspect interpellé,,,,1,Réactif - Flagrant-délit (LCIA),VAL - Affaire représentant un enjeux de valorisation personnelle pour l'enquêteur,"RENS - L'enquête a été l'occasion de collecter du renseignement directement utile (autre enquête, connaissance délinquance, …)",0,0,0,1
150,Déterminé - Date précise ,Déterminé - Après-midi (12-17h00),36,68 DESTRUCTIONS ET DEGRADATIONS DE VEHICULES PRIVES,,,,ATTEINTES AUX BIENS,,,,,N,Orienté - Enquête débouchant hors du territoire de compétence,Public,Voie publique,VHL proprio (l'auteur est le propriétaire),Aucune,Négligence / Imprudence,Aucun,Non,0,0,0,0,0,0,0,0,UT,2,Sans objet,2,2,Victime plainte guichet,Aucun,Suspect identifiable,,,,0,Réactif - Auto-résolution (CILA),0,0,0,0,0,1
149,Déterminé - Date précise ,Non déterminé - Découverte fin de journée,103,27 CAMBRIOLAGES DE LOCAUX D HABITATION PRINCIPALE,,,,ATTEINTES AUX BIENS,,,,,N,Non résolu - Auteur non identifié,Privé,Habitation collective,Inconnu,Aucune,Rationalité,Aucun,Non,Bijoux,Informatique / multimédia,0,0,0,0,0,0,UT,1,Sans objet,1,1,Victime appel,Patrouilleur,Objets traçables,,,,0,Réactif – Investigation (CILA),STAT - Catégorie de crime faisant l'objet d'une pression statistique,0,0,0,0,1
148,Déterminé – Infraction continue,Non déterminé - inconnu,32,93 TRAVAIL CLANDESTIN,,,,INFRACTIONS A LA REGLEMENTATION,,,,,N,Résolu - Total,Privé,Habitation individuelle,Aucun,Aucune,Rationalité,Aucun,Non,0,0,0,0,0,0,0,0,UT,1,Sans objet,1,1,Victime plainte guichet,Aucun,Suspect identifié,,,,0,Réactif - Auto-résolution (CILA),0,0,0,0,0,1
147,Déterminé - Date précise ,Déterminé - Matin (07-12h00),6,36 VOLS DE VEHICULES MOTORISES A DEUX ROUES,,,,ATTEINTES AUX BIENS,,,,,N,Non résolu - Auteur non identifié,Public,Parking,Inconnu,Aucune,Inconnu,Aucun,Non,Véhicule,0,0,0,0,0,0,0,UT,1,Sans objet,1,1,Victime plainte guichet,Aucun,Objets traçables,,,,0,Réactif – Investigation (CILA),UNI - Procédure traitée en PV unique,0,0,0,0,1
146,Déterminé - Date précise ,Non déterminé - Découverte au matin,20,38 VOLS D ACCESSOIRES SUR VEHICULES A MOTEUR IMMATRICULES,,,,ATTEINTES AUX BIENS,,,,,N,Non résolu - Auteur non identifié,Public,Voie publique,Inconnu,Aucune,Inconnu,Aucun,Non,Autres objets non identifiables par la victime,0,0,0,0,0,0,0,UT,1,Sans objet,1,5,Victime plainte guichet,Aucun,0,,,,0,Réactif – Investigation (CILA),0,0,0,0,0,1
145,Déterminé – Infraction continue,Non déterminé - inconnu,31,54 NON VERSEMENTS DE PENSION ALIMENTAIRE,,,,ATTEINTES AUX PERSONNES,,,,,N,Résolu - Total,Inconnu,0,Aucun,Aucune,Négligence / Imprudence,Aucun,Membre famille,Numéraire,0,0,0,0,0,0,0,UT,1,Sans objet,1,2,Victime plainte guichet,Aucun,Suspect identifié,,,,0,Réactif - Auto-résolution (CILA),0,0,0,0,0,1
144,Déterminé - Date précise ,Déterminé - Matin (07-12h00),6,32 VOLS A LA TIRE,,,,ATTEINTES AUX BIENS,,,,,N,Orienté - Enquête débouchant hors du territoire de compétence,Public,Train,Autre,Aucune,Opportunité,Aucun,Non,Autres objets identifiables par la victime,0,0,0,0,0,0,0,UT,2,Non compétent lieu de commission (dont guichet unique),2,3,Victime plainte guichet,Aucun,Objets traçables,,,,0,Réactif – Investigation (CILA),UNI - Procédure traitée en PV unique,0,0,0,0,1
143,Déterminé - Date précise ,Déterminé - Après-midi (12-17h00),66,25 VOLS AVEC VIOLENCES SANS ARMES CONTRE DES FEMMES SUR LA VOIE PUBLIQUE OU AUTRE LIEU PUBLIC,,,,ATTEINTES AUX BIENS,,,,,N,Orienté - Enquête débouchant hors du territoire de compétence,Public,Voie publique,Inconnu,Aucune,Opportunité,Aucun,Non,Téléphone,0,0,0,0,0,0,0,UT,1,Sans objet,1,1,Victime plainte guichet,Aucun,Objets traçables,Suspect identifiable,,,0,Réactif - Auto-résolution (CILA),"FAUT - Négligence, inertie ou faute de l'enquêteur ou du magistrat",0,0,0,0,2
142,Déterminé - Date précise ,Déterminé - Soir (17-22h00),79,27 CAMBRIOLAGES DE LOCAUX D HABITATION PRINCIPALE,,,,ATTEINTES AUX BIENS,,,,,N,Non résolu - Auteur non identifié,Privé,Habitation individuelle,Inconnu,Aucune,Rationalité,Aucun,Non,Bijoux,Informatique / multimédia,0,0,0,0,0,0,UT,1,Sans objet,1,4,Victime appel,Patrouilleur,Objets traçables,,,,0,Réactif – Investigation (CILA),STAT - Catégorie de crime faisant l'objet d'une pression statistique,0,0,0,0,1
141,Déterminé - Date précise ,Non déterminé - Découverte au matin,1,67 AUTRES DESTRUCTIONS ET DEGRADATIONS DE BIENS PRIVES,,,,ATTEINTES AUX BIENS,,,,,N,Non résolu - Auteur non identifié,Privé,Habitation collective,Aucun,Aucune,Inconnu,Aucun,Non,0,0,0,0,0,0,0,0,UT,1,Sans objet,1,1,Victime plainte guichet,Aucun,0,,,,0,Réactif – Investigation (CILA),UNI - Procédure traitée en PV unique,POL - Pollution de la scène d'infraction par 1ers intervenants ou victime,0,0,0,1
140,Déterminé - Date précise ,Déterminé - Après-midi (12-17h00),28,33 VOLS A L ETALAGE,,,,ATTEINTES AUX BIENS,,,,,N,Non résolu - Auteur non identifié,Public,Magasin,Inconnu,Aucune,Rationalité,Aucun,Non,Autres objets non identifiables par la victime,0,0,0,0,0,0,0,UT,1,Sans objet,1,2,Victime plainte guichet,Aucun,0,,,,0,Réactif – Investigation (CILA),UNI - Procédure traitée en PV unique,"PERT - Acte d'investigation réalisé tardivement ayant entraîné perte d'éléments d'enquête (constatations, exploitation PTS, vidéo-protection, téléphonie, témoignage, … ) ",0,0,0,1
139,Déterminé - Date précise ,Déterminé - Soir (17-22h00),4,37 VOLS A LA ROULOTTE,,,,ATTEINTES AUX BIENS,,,,,N,Non résolu - Auteur non identifié,Public,Parking,Inconnu,Aucune,Inconnu,Aucun,Non,Autres objets non identifiables par la victime,0,0,0,0,0,0,0,UT,1,Sans objet,1,1,Victime plainte guichet,Aucun,0,,,,0,Réactif – Investigation (CILA),UNI - Procédure traitée en PV unique,0,0,0,0,1
138,Déterminé - Date précise ,Non déterminé - Découverte au matin,11,68 DESTRUCTIONS ET DEGRADATIONS DE VEHICULES PRIVES,,,,ATTEINTES AUX BIENS,,,,,N,Non résolu - Auteur non identifié,Privé,Parking,Inconnu,Aucune,Inconnu,Aucun,Non,0,0,0,0,0,0,0,0,UT,1,Sans objet,1,1,Victime plainte guichet,Aucun,0,,,,0,Réactif – Investigation (CILA),UNI - Procédure traitée en PV unique,0,0,0,0,1
137,Déterminé - Date précise ,Déterminé - Matin (07-12h00),22,37 VOLS A LA ROULOTTE,,,,ATTEINTES AUX BIENS,,,,,N,Non résolu - Auteur non identifié,Privé,Jardin,Inconnu,Aucune,Inconnu,Aucun,Non,Autres objets identifiables par la victime,0,0,0,0,0,0,0,UT,1,Sans objet,1,1,Victime plainte guichet,Aucun,0,,,,0,Réactif – Investigation (CILA),UNI - Procédure traitée en PV unique,0,0,0,0,1
136,Déterminé - Date précise ,Déterminé - Après-midi (12-17h00),8,68 DESTRUCTIONS ET DEGRADATIONS DE VEHICULES PRIVES,,,,ATTEINTES AUX BIENS,,,,,N,Non résolu - Auteur non identifié,Public,Parking,Inconnu,Aucune,Négligence / Imprudence,Aucun,Non,0,0,0,0,0,0,0,0,UT,1,Sans objet,1,1,Victime plainte guichet,Aucun,0,,,,0,Réactif – Investigation (CILA),UNI - Procédure traitée en PV unique,0,0,0,0,1
135,Déterminé - Date précise ,Non déterminé - Découverte au matin,10,37 VOLS A LA ROULOTTE,,,,ATTEINTES AUX BIENS,,,,,N,Non résolu - Auteur non identifié,Public,Voir publique,Inconnu,Aucune,Inconnu,Aucun,Non,Autres objets non identifiables par la victime,0,0,0,0,0,0,0,UT,1,Sans objet,1,1,Victime plainte guichet,Aucun,0,,,,0,Réactif – Investigation (CILA),UNI - Procédure traitée en PV unique,0,0,0,0,1
134,Déterminé - Date précise ,Non déterminé - Découverte au matin,3,67 AUTRES DESTRUCTIONS ET DEGRADATIONS DE BIENS PRIVES,,,,ATTEINTES AUX BIENS,,,,,N,Non résolu - Auteur non identifié,Public,Voie publique,Inconnu,Aucune,Inconnu,Aucun,Non,0,0,0,0,0,0,0,0,UT,1,Sans objet,1,1,Victime plainte guichet,Aucun,0,,,,0,Réactif – Investigation (CILA),UNI - Procédure traitée en PV unique,0,0,0,0,1
133,Déterminé - Date précise ,Non déterminé - Découverte au matin,16,68 DESTRUCTIONS ET DEGRADATIONS DE VEHICULES PRIVES,,,,ATTEINTES AUX BIENS,,,,,N,Non résolu - Auteur non identifié,Public,Parking,Inconnu,Aucune,Inconnu,Aucun,Non,0,0,0,0,0,0,0,0,UT,1,Sans objet,1,1,Victime plainte guichet,Aucun,0,,,,0,Réactif – Investigation (CILA),UNI - Procédure traitée en PV unique,0,0,0,0,1
132,Déterminé - Date précise ,Déterminé - Soir (17-22h00),30,68 DESTRUCTIONS ET DEGRADATIONS DE VEHICULES PRIVES,,,,ATTEINTES AUX BIENS,,,,,N,Non résolu - Auteur non identifié,Public,Voie publique,Inconnu,Aucune,Inconnu,Aucun,Non,0,0,0,0,0,0,0,0,UT,1,Sans objet,1,1,Victime plainte guichet,Aucun,0,,,,0,Réactif – Investigation (CILA),UNI - Procédure traitée en PV unique,0,0,0,0,1
131,Déterminé - Date précise ,Non déterminé - Découverte au matin,21,37 VOLS A LA ROULOTTE,,,,ATTEINTES AUX BIENS,,,,,N,Non résolu - Auteur non identifié,Public,Parking,Inconnu,Aucune,Inconnu,Aucun,Non,Accessoires de véhicule,Numéraire,Autres objets non identifiables par la victime,0,0,0,0,0,UT,1,Sans objet,1,1,Victime plainte guichet,Aucun,0,,,,0,Réactif – Investigation (CILA),UNI - Procédure traitée en PV unique,0,0,0,0,1
130,Déterminé - Date précise ,Déterminé - Après-midi (12-17h00),9,68 DESTRUCTIONS ET DEGRADATIONS DE VEHICULES PRIVES,,,,ATTEINTES AUX BIENS,,,,,N,Non résolu - Auteur non identifié,Public,Voie publique,Inconnu,Aucune,Inconnu,Aucun,Non,0,0,0,0,0,0,0,0,UT,1,Sans objet,1,1,Victime plainte guichet,Aucun,0,,,,0,Réactif – Investigation (CILA),UNI - Procédure traitée en PV unique,0,0,0,0,1
129,Déterminé - Date précise ,Non déterminé - Découverte au matin,6,35 VOLS D AUTOMOBILES,,,,ATTEINTES AUX BIENS,,,,,N,Non résolu - Auteur non identifié,Public,Parking,Inconnu,Aucune,Inconnu,Aucun,Non,Véhicule,Autres objets non identifiables par la victime,0,0,0,0,0,0,UT,1,Sans objet,1,2,Victime plainte guichet,Aucun,Objets traçables,,,,0,Réactif – Investigation (CILA),UNI - Procédure traitée en PV unique,0,0,0,0,1
128,Déterminé - Date précise ,Non déterminé - Découverte au matin,7,68 DESTRUCTIONS ET DEGRADATIONS DE VEHICULES PRIVES,,,,ATTEINTES AUX BIENS,,,,,N,Non résolu - Auteur non identifié,Public,Voie publique,Inconnu,Aucune,Inconnu,Aucun,Non,0,0,0,0,0,0,0,0,UT,1,Sans objet,1,1,Victime plainte guichet,Aucun,0,,,,0,Réactif – Investigation (CILA),UNI - Procédure traitée en PV unique,0,0,0,0,1
127,Déterminé - Date précise ,Déterminé - Après-midi (12-17h00),52,12 MENACES OU CHANTAGES DANS UN AUTRE BUT,,,,ATTEINTES AUX PERSONNES,,,,,N,Résolu - Total,Public,Voie publique,Aucun,Aucune,Emotion,Aucun,Connaissance,0,0,0,0,0,0,0,0,UT,1,Sans objet,1,1,Victime plainte guichet,Aucun,Suspect identifié,,,,0,Réactif - Auto-résolution (CILA),0,0,0,0,0,1
126,Déterminé – Infraction continue,Non déterminé - inconnu,1,54 NON VERSEMENTS DE PENSION ALIMENTAIRE,,,,ATTEINTES AUX PERSONNES,,,,,N,Orienté - Enquête débouchant hors du territoire de compétence,Inconnu,0,Aucun,Aucune,Négligence / Imprudence,Aucun,Membre famille,Numéraire,0,0,0,0,0,0,0,UT,2,Compétence lieu de domicile Auteur,2,2,Victime courrier parquet,Aucun,Suspect identifié,,,,0,Réactif - Auto-résolution (CILA),0,0,0,0,0,1
125,Déterminé - Date précise ,Déterminé - Soir (17-22h00),397,27 CAMBRIOLAGES DE LOCAUX D HABITATION PRINCIPALE,,,,ATTEINTES AUX BIENS,,,,,N,Non résolu - Auteur non identifié,Privé,Habitation individuelle,Inconnu,Aucune,Rationalité,Aucun,Non,Bijoux,0,0,0,0,0,0,0,Co-saisine UT-BR,1,Sans objet,1,7,Victime appel,Patrouilleur,Prélèvements dont l'exploitabilité n'est pas déterminée à ce stade,Objets traçables,,,0,Réactif – Investigation (CILA),0,0,0,0,0,2
124,Déterminé - Date précise ,Déterminé - Après-midi (12-17h00),224,7 AUTRES COUPS ET BLESSURES VOLONTAIRES CRIMINELS OU CORRECTIONNELS,,,,ATTEINTES AUX PERSONNES,,,,,N,Résolu - Total,Public,Voie publique,Piéton,Arme blanche / contondante,Emotion,Aucun,Connaissance,0,0,0,0,0,0,0,0,UT,1,Sans objet,1,2,Victime plainte guichet,Aucun,Suspect identifié,,,,0,Réactif - Auto-résolution (CILA),0,0,0,0,0,1
123,Déterminé - Date précise ,Déterminé - Après-midi (12-17h00),6,32 VOLS A LA TIRE,,,,ATTEINTES AUX BIENS,,,,,N,Non résolu - Auteur non identifié,Public,Voie publique,Inconnu,Aucune,Inconnu,Aucun,Non,Numéraire,Documents d'identité,Autres objets identifiables par la victime,0,0,0,0,0,UT,1,Sans objet,1,1,Victime plainte guichet,Aucun,Objets traçables,,,,0,Réactif – Investigation (CILA),UNI - Procédure traitée en PV unique,0,0,0,0,1
122,Déterminé - Date précise ,Non déterminé - Découverte au matin,6,38 VOLS D ACCESSOIRES SUR VEHICULES A MOTEUR IMMATRICULES,,,,ATTEINTES AUX BIENS,,,,,N,Non résolu - Auteur non identifié,Public,Voie publique,Inconnu,Aucune,Inconnu,Aucun,Non,Accessoires de véhicule,0,0,0,0,0,0,0,UT,1,Sans objet,1,1,Victime plainte guichet,Aucun,Objets traçables,,,,0,Réactif – Investigation (CILA),UNI - Procédure traitée en PV unique,0,0,0,0,1
121,Déterminé - Date précise ,Déterminé - Après-midi (12-17h00),59,25 VOLS AVEC VIOLENCES SANS ARMES CONTRE DES FEMMES SUR LA VOIE PUBLIQUE OU AUTRE LIEU PUBLIC,,,,ATTEINTES AUX BIENS,,,,,N,Non résolu - Auteur non identifié,Public,Voie publique,Inconnu,Pieds / mains,Opportunité,Aucun,Non,Numéraire,Téléphone,Documents d'identité,Autres objets identifiables par la victime,0,0,0,0,UT,1,Sans objet,1,2,Victime plainte guichet,Aucun,Objets traçables,,,,0,Réactif – Investigation (CILA),0,0,0,0,0,1
120,Déterminé - Date précise ,Non déterminé - Découverte au matin,7,27 CAMBRIOLAGES DE LOCAUX D HABITATION PRINCIPALE,,,,ATTEINTES AUX BIENS,,,,,O,Non résolu - Auteur non identifié,Privé,Habitation individuelle,Inconnu,Aucune,Inconnu,Aucun,Non,0,0,0,0,0,0,0,0,UT,1,Sans objet,1,1,Victime plainte guichet,Patrouilleur,0,,,,0,Réactif – Investigation (CILA),0,0,0,0,0,1
119,Déterminé - Date précise ,Non déterminé - Découverte au matin,31,35 VOLS D AUTOMOBILES,,,,ATTEINTES AUX BIENS,,,,,N,Non résolu - Auteur non identifié,Public,Parking,Inconnu,Aucune,Inconnu,Aucun,Non,Véhicule,0,0,0,0,0,0,0,UT,1,Sans objet,1,1,Victime plainte guichet,Aucun,Objets traçables,,,,0,Réactif – Investigation (CILA),UNI - Procédure traitée en PV unique,0,0,0,0,1
118,Déterminé - Date précise ,Non déterminé - Découverte fin de journée,23,30 CAMBRIOLAGES D AUTRES LIEUX,,,,ATTEINTES AUX BIENS,,,,,N,Non résolu - Auteur non identifié,Privé,Cave,Inconnu,Aucune,Inconnu,Aucun,Non,Autres objets non identifiables par la victime,0,0,0,0,0,0,0,UT,1,Sans objet,1,1,Victime plainte guichet,Aucun,0,,,,0,Réactif – Investigation (CILA),POL - Pollution de la scène d'infraction par 1ers intervenants ou victime,UNI - Procédure traitée en PV unique,0,0,0,1
117,Déterminé - Date précise ,Non déterminé - inconnu,125,32 VOLS A LA TIRE,,,,ATTEINTES AUX BIENS,,,,,N,Non résolu - Auteur non identifié,Public,Voie publique,Inconnu,Aucune,Inconnu,Aucun,Non,Autres objets non identifiables par la victime,0,0,0,0,0,0,0,UT,2,Non compétent lieu de commission (dont guichet unique),2,2,Victime plainte guichet,Aucun,0,,,,0,Réactif – Investigation (CILA),"PERT - Acte d'investigation réalisé tardivement ayant entraîné perte d'éléments d'enquête (constatations, exploitation PTS, vidéo-protection, téléphonie, témoignage, … ) ",0,0,0,0,1
116,Déterminé - Date précise ,Déterminé - Soir (17-22h00),63,33 VOLS A L ETALAGE,,,,ATTEINTES AUX BIENS,,,,,N,Résolu - Total,Public,Station service,"VHL tiers (appartenant à un tiers dont location, ...)",Aucune,Opportunité,Aucun,Non,Numéraire,0,0,0,0,0,0,0,UT,2,Compétence lieu de domicile Auteur,2,2,Victime courrier parquet,Aucun,Véhicule identifié,,,,0,Réactif - Auto-résolution (CILA),0,0,0,0,0,1
115,Déterminé - Date précise ,Déterminé - Matin (07-12h00),1,74 PORT OU DETENTION D ARMES PROHIBEES,107 AUTRES DELITS,,,INFRACTIONS A LA REGLEMENTATION,INFRACTIONS A LA REGLEMENTATION,,,,N,Résolu - Total,Public,Voie publique,Piéton,Arme blanche / contondante,Négligence / Imprudence,Consommation d'alcool ou de drogue,Non,0,0,0,0,0,0,0,0,UT,1,Sans objet,1,4,Témoin direct (autre),Patrouilleur,Suspect interpellé,,,,0,Réactif - Flagrant-délit (LCIA),0,0,0,0,0,1
114,Déterminé - Date précise ,Déterminé - Après-midi (12-17h00),35,33 VOLS A L ETALAGE,,,,ATTEINTES AUX BIENS,,,,,N,Orienté - Enquête débouchant hors du territoire de compétence,Public,Magasin,"VHL tiers (appartenant à un tiers dont location, ...)",Aucune,Rationalité,Aucun,Non,Autres objets identifiables par la victime,0,0,0,0,0,0,0,UT,2,Sans objet,2,2,Victime plainte guichet,Aucun,Véhicule identifiable,,,,0,Réactif – Investigation (CILA),0,0,0,0,0,1
113,Déterminé - Date précise ,Déterminé - Après-midi (12-17h00),211,84 FAUX EN ECRITURE PUBLIQUE ET AUTHENTIQUE,107 AUTRES DELITS,,,INFRACTIONS A LA REGLEMENTATION,INFRACTIONS A LA REGLEMENTATION,,,,N,Résolu - Total,Public,Unité gendarmerie,VHL proprio (l'auteur est le propriétaire),Aucune,Négligence / Imprudence,Consommation d'alcool ou de drogue,Non,0,0,0,0,0,0,0,0,UT,1,Sans objet,1,2,Témoin direct (famille ou proche),Aucun,Prélèvements dont l'exploitabilité n'est pas déterminée à ce stade,,,,0,Réactif – Investigation (CILA),0,0,0,0,0,1
112,Déterminé - Date précise ,Déterminé - Nuit 1 (22-02h00),76,7 AUTRES COUPS ET BLESSURES VOLONTAIRES CRIMINELS OU CORRECTIONNELS,,,,ATTEINTES AUX PERSONNES,,,,,N,Résolu - Total,Privé,Habitation individuelle,Aucun,Aucune,Emotion,Aucun,Membre famille,0,0,0,0,0,0,0,0,UT,1,Sans objet,1,2,Victime plainte guichet,Aucun,Suspect identifié,,,,0,Réactif - Auto-résolution (CILA),0,0,0,0,0,1
111,Déterminé - Date précise ,Non déterminé - Découverte au matin,2,68 DESTRUCTIONS ET DEGRADATIONS DE VEHICULES PRIVES,,,,ATTEINTES AUX BIENS,,,,,N,Non résolu - Auteur non identifié,Public,Voie publique,Inconnu,Aucune,Inconnu,Aucun,Non,0,0,0,0,0,0,0,0,UT,1,Sans objet,1,1,Victime plainte guichet,Aucun,0,,,,0,Réactif – Investigation (CILA),UNI - Procédure traitée en PV unique,0,0,0,0,1
110,Déterminé - Date précise ,Déterminé - Soir (17-22h00),94,11 MENACES OU CHANTAGES POUR EXTORSION DE FONDS,13 ATTEINTES A LA DIGNITE ET A LA PERSONNALITE,,,ATTEINTES AUX PERSONNES,ATTEINTES AUX PERSONNES,,,,N,Orienté - Enquête débouchant hors du territoire de compétence,Autre,Internet,Aucun,Aucune,Rationalité,Aucun,Non,Numéraire,0,0,0,0,0,0,0,UT,1,Sans objet,1,1,Victime plainte guichet,Aucun,Objets traçables,,,,0,Réactif – Investigation (CILA),0,0,0,0,0,1
109,Déterminé - Date précise ,Non déterminé - Découverte au matin,16,68 DESTRUCTIONS ET DEGRADATIONS DE VEHICULES PRIVES,,,,ATTEINTES AUX BIENS,,,,,N,Non résolu - Auteur non identifié,Public,Voie publique,Aucun,Aucune,Inconnu,Aucun,Non,0,0,0,0,0,0,0,0,UT,1,Sans objet,1,1,Victime plainte guichet,Aucun,0,,,,0,Réactif – Investigation (CILA),UNI - Procédure traitée en PV unique,0,0,0,0,1
108,Déterminé - Date précise ,Non déterminé - Découverte au matin,36,35 VOLS D AUTOMOBILES,37 VOLS A LA ROULOTTE,,,ATTEINTES AUX BIENS,ATTEINTES AUX BIENS,,,,O,Non résolu - Auteur non identifié,Public,Voie publique,Inconnu,Aucune,Inconnu,Aucun,Non,Informatique / multimédia,Autres objets non identifiables par la victime,0,0,0,0,0,0,UT,1,Sans objet,1,1,Victime plainte guichet,Aucun,Objets traçables,,,,0,Réactif – Investigation (CILA),UNI - Procédure traitée en PV unique,0,0,0,0,1
107,Déterminé – Infraction continue,Non déterminé - inconnu,181,11 MENACES OU CHANTAGES POUR EXTORSION DE FONDS,7 AUTRES COUPS ET BLESSURES VOLONTAIRES CRIMINELS OU CORRECTIONNELS,,,ATTEINTES AUX PERSONNES,ATTEINTES AUX PERSONNES,,,,N,Résolu - Total,Multiples,0,Inconnu,Aucune,Rationalité,Aucun,Proche,Numéraire,0,0,0,0,0,0,0,UT,1,Sans objet,1,6,Témoin direct (famille ou proche),Aucun,Suspect identifié,,,,0,Réactif - Auto-résolution (CILA),0,0,0,0,0,1
106,Déterminé - Date précise ,Non déterminé - Découverte au matin,5,35 VOLS D AUTOMOBILES,,,,ATTEINTES AUX BIENS,,,,,N,Non résolu - Auteur non identifié,Public,Voie publique,Inconnu,Aucune,Inconnu,Aucun,Non,Véhicule,Autres objets non identifiables par la victime,0,0,0,0,0,0,UT,1,Sans objet,1,1,Victime plainte guichet,Aucun,Objets traçables,,,,0,Réactif – Investigation (CILA),UNI - Procédure traitée en PV unique,0,0,0,0,1
105,Déterminé - Infractions multiples,Non déterminé - inconnu,3,68 DESTRUCTIONS ET DEGRADATIONS DE VEHICULES PRIVES,66 AUTRES DESTRUCTIONS ET DEGRADATIONS DE BIENS PUBLICS,,,ATTEINTES AUX BIENS,ATTEINTES AUX BIENS,,,,N,Résolu - Total,Public,Voie publique,VHL proprio (l'auteur est le propriétaire),Arme à feu,Négligence / Imprudence,Aucun,Non,0,0,0,0,0,0,0,0,UT,4,Rapprochement avec d'autres faits,9,36,Victime appel,Patrouilleur,Véhicule identifiable,,,,1,Réactif – Investigation (CILA),VAL - Affaire représentant un enjeux de valorisation personnelle pour l'enquêteur,GR - Gravité ou sensibilité des faits,0,0,0,1
104,Déterminé - Date précise ,Déterminé - Nuit 1 (22-02h00),462,7 AUTRES COUPS ET BLESSURES VOLONTAIRES CRIMINELS OU CORRECTIONNELS,,,,ATTEINTES AUX PERSONNES,,,,,N,Résolu - Total,Public,Voie publique,Inconnu,Pieds / mains,Emotion,Aucun,Connaissance,0,0,0,0,0,0,0,0,UT,1,Sans objet,1,1,Victime plainte guichet,Patrouilleur,Suspect identifié,,,,0,Réactif - Auto-résolution (CILA),0,0,0,0,0,1
103,Déterminé – Infraction continue,Non déterminé - inconnu,6,85 AUTRES FAUX EN ECRITURE,,,,INFRACTIONS A LA REGLEMENTATION,,,,,N,Non résolu - Infraction non constituée,Privé,Habitation individuelle,Aucun,Aucune,Rationalité,Aucun,Proche,0,0,0,0,0,0,0,0,UT,1,Sans objet,1,1,Victime plainte guichet,Aucun,Suspect identifié,,,,0,Réactif - Auto-résolution (CILA),0,0,0,0,0,1
102,Déterminé - Date précise ,Non déterminé - Découverte au matin,678,37 VOLS A LA ROULOTTE,44 RECELS,,,ATTEINTES AUX BIENS,ATTEINTES AUX BIENS,,,,N,Orienté - Enquête débouchant hors du territoire de compétence,Public,Voie publique,Inconnu,Aucune,Inconnu,Aucun,Non,Autres objets identifiables par la victime,0,0,0,0,0,0,0,UT,2,Compétence lieu de domicile Auteur,1,3,Victime plainte guichet,Aucun,Suspect identifiable,,,,0,Réactif - Auto-résolution (CILA),RET - Retard manifeste d'une réponse à réquisition / expertise,0,0,0,0,1
101,Déterminé - Date précise ,Non déterminé - Découverte au matin,40,"29 CAMBRIOLAGES DE LOCAUX INDUSTRIELS, COMMERCIAUX OU FINANCIERS",,,,ATTEINTES AUX BIENS,,,,,N,Non résolu - Auteur non identifié,Privé,Entrepôt,Inconnu,Aucune,Inconnu,Aucun,Non,Numéraire,0,0,0,0,0,0,0,UT,1,Sans objet,1,1,Victime appel,Patrouilleur,Prélèvements dont l'exploitabilité n'est pas déterminée à ce stade,,,,0,Réactif – Investigation (CILA),0,0,0,0,0,1
100,Déterminé - Date précise ,Déterminé - Après-midi (12-17h00),172,7 AUTRES COUPS ET BLESSURES VOLONTAIRES CRIMINELS OU CORRECTIONNELS,,,,ATTEINTES AUX PERSONNES,,,,,N,Résolu - Total,Privé,Habitation individuelle,Aucun,Pieds / mains,Emotion,Aucun,Membre famille,0,0,0,0,0,0,0,0,UT,1,Sans objet,1,3,Victime plainte guichet,Aucun,Suspect identifié,,,,0,Réactif - Auto-résolution (CILA),0,0,0,0,0,1
91,Déterminé - Date précise ,Non déterminé - Découverte au matin,79,35 VOLS D AUTOMOBILES,,,,ATTEINTES AUX BIENS,,,,,N,Non résolu - Auteur non identifié,Privé,Jardin,Aucun,Aucune,Inconnu,Aucun,Non,Véhicule,Autres objets identifiables par la victime,0,0,0,0,0,0,UT,1,Sans objet,1,1,Victime plainte guichet,Aucun,Objets traçables,,,,0,Réactif – Investigation (CILA),UNI - Procédure traitée en PV unique,0,0,0,0,1
81,Déterminé - Date précise ,Déterminé - Soir (17-22h00),50,32 VOLS A LA TIRE,,,,ATTEINTES AUX BIENS,,,,,N,Non résolu - Auteur non identifié,Public,Parking,Inconnu,Aucune,Opportunité,Aucun,Non,Documents d'identité,Autres objets identifiables par la victime,0,0,0,0,0,0,UT,1,Sans objet,1,1,Victime plainte guichet,Aucun,Objets traçables,,,,0,Réactif – Investigation (CILA),UNI - Procédure traitée en PV unique,0,0,0,0,1
71,Déterminé - Date précise ,Déterminé - Après-midi (12-17h00),128,7 AUTRES COUPS ET BLESSURES VOLONTAIRES CRIMINELS OU CORRECTIONNELS,,,,ATTEINTES AUX PERSONNES,,,,,N,Résolu - Total,Public,Parking,VHL proprio (l'auteur est le propriétaire),Pieds / mains,Emotion,Aucun,Proche,0,0,0,0,0,0,0,0,UT,1,Sans objet,1,2,Victime plainte guichet,Aucun,Suspect identifié,,,,0,Réactif - Auto-résolution (CILA),0,0,0,0,0,1
61,Déterminé - Date précise ,Déterminé - Soir (17-22h00),191,32 VOLS A LA TIRE,,,,ATTEINTES AUX BIENS,,,,,N,Non résolu - Auteur non identifié,Public,Distributeur automatique de Billets,Inconnu,Aucune,Rationalité,Aucun,Non,Autres objets identifiables par la victime,Numéraire,0,0,0,0,0,0,UT,1,Sans objet,1,2,Victime plainte guichet,Aucun,Objets traçables,,,,0,Réactif – Investigation (CILA),0,0,0,0,0,1
51,Déterminé - Date précise ,Déterminé - Nuit 1 (22-02h00),1,57 USAGE DE STUPEFIANTS,,,,INFRACTIONS A LA REGLEMENTATION,,,,,N,Résolu - Total,Public,Voie publique,VHL proprio (l'auteur est le propriétaire),Aucune,Négligence / Imprudence,Consommation d'alcool ou de drogue,Non,0,0,0,0,0,0,0,0,UT,1,Sans objet,1,1,Unité en patrouille,Patrouilleur,Suspect interpellé,,,,0,Réactif - Flagrant-délit (LCIA),UNI - Procédure traitée en PV unique,0,0,0,0,1
41,Déterminé - Date précise ,Déterminé - Matin (07-12h00),199,31 VOLS AVEC ENTREE PAR RUSE EN TOUS LIEUX,,,,ATTEINTES AUX BIENS,,,,,O,Non résolu - Auteur non identifié,Privé,Habitation individuelle,Inconnu,Aucune,Rationalité,Aucun,Non,0,0,0,0,0,0,0,0,UT,1,Sans objet,1,1,Victime appel,Patrouilleur,0,,,,0,Réactif – Investigation (CILA),0,0,0,0,0,1
31,Déterminé - Date précise ,Non déterminé - Découverte au matin,14,35 VOLS D AUTOMOBILES,,,,ATTEINTES AUX BIENS,,,,,N,Non résolu - Auteur non identifié,Privé,Jardin,Inconnu,Aucune,Inconnu,Aucun,Non,Véhicule,Autres objets non identifiables par la victime,0,0,0,0,0,0,UT,1,Sans objet,1,1,Victime plainte guichet,Aucun,Objets traçables,,,,0,Réactif – Investigation (CILA),UNI - Procédure traitée en PV unique,0,0,0,0,1
21,Déterminé - Date précise ,Non déterminé - Découverte au matin,16,35 VOLS D AUTOMOBILES,,,,ATTEINTES AUX BIENS,,,,,N,Non résolu - Auteur non identifié,Public,Parking,Inconnu,Aucune,Inconnu,Aucun,Non,Véhicule,Autres objets non identifiables par la victime,0,0,0,0,0,0,UT,1,Sans objet,1,2,Victime plainte guichet,Aucun,Objets traçables,,,,0,Réactif – Investigation (CILA),UNI - Procédure traitée en PV unique,0,0,0,0,1
19,Déterminé - Date précise ,Déterminé - Soir (17-22h00),1,57 USAGE DE STUPEFIANTS,,,,INFRACTIONS A LA REGLEMENTATION,,,,,N,Résolu - Total,Public,Voie publique,VHL proprio (l'auteur est le propriétaire),Aucune,Négligence / Imprudence,Consommation d'alcool ou de drogue,Non,0,0,0,0,0,0,0,0,UT,1,Sans objet,1,2,Autre administration,Patrouilleur,Suspect interpellé,,,,0,Réactif - Flagrant-délit (LCIA),0,0,0,0,0,1
18,Déterminé - Date précise ,Non déterminé - Découverte au matin,4,67 AUTRES DESTRUCTIONS ET DEGRADATIONS DE BIENS PRIVES,,,,ATTEINTES AUX BIENS,,,,,O,Non résolu - Auteur non identifié,Public,Voie publique,Inconnu,Aucune,Inconnu,Aucun,Non,0,0,0,0,0,0,0,0,UT,1,Sans objet,1,1,Victime plainte guichet,Aucun,0,,,,0,Réactif – Investigation (CILA),UNI - Procédure traitée en PV unique,0,0,0,0,1
17,Déterminé - Date précise ,Déterminé - Nuit 1 (22-02h00),237,35 VOLS D AUTOMOBILES,,,,ATTEINTES AUX BIENS,,,,,N,Non résolu - Auteur non identifié,Public,Voie publique,VHL non identifié,Aucune,Rationalité,Aucun,Non,Véhicule,Autres objets non identifiables par la victime,0,0,0,0,0,0,UT,1,Sans objet,1,1,Victime plainte guichet,Aucun,0,,,,0,Réactif – Investigation (CILA),0,0,0,0,0,1
16,Non déterminé - Découverte suite à période d'absence,Non déterminé - inconnu,28,67 AUTRES DESTRUCTIONS ET DEGRADATIONS DE BIENS PRIVES,,,,ATTEINTES AUX BIENS,,,,,N,Non résolu - Auteur non identifié,Privé,Camping,Aucun,Aucune,Inconnu,Aucun,Non,0,0,0,0,0,0,0,0,UT,1,Sans objet,1,1,Victime plainte guichet,Patrouilleur,0,,,,0,Réactif – Investigation (CILA),0,0,0,0,0,1
15,Déterminé - Date précise ,Déterminé - Nuit 1 (22-02h00),1,67 AUTRES DESTRUCTIONS ET DEGRADATIONS DE BIENS PRIVES,12 MENACES OU CHANTAGES DANS UN AUTRE BUT,,,ATTEINTES AUX BIENS,ATTEINTES AUX PERSONNES,,,,N,Résolu - Total,Public,Bar,Aucun,Pieds / mains,Emotion,Consommation d'alcool ou de drogue,Connaissance,0,0,0,0,0,0,0,0,UT,1,Sans objet,1,4,Victime appel,Patrouilleur,Suspect interpellé,,,,0,Réactif - Flagrant-délit (LCIA),0,0,0,0,0,1
14,Déterminé - Date précise ,Déterminé - Nuit 1 (22-02h00),22,57 USAGE DE STUPEFIANTS,,,,INFRACTIONS A LA REGLEMENTATION,,,,,N,Résolu - Total,Public,Parking,VHL proprio (l'auteur est le propriétaire),Aucune,Négligence / Imprudence,Consommation d'alcool ou de drogue,Non,0,0,0,0,0,0,0,0,UT,1,Sans objet,1,1,Unité en patrouille,Patrouilleur,Suspect interpellé,,,,0,Réactif - Flagrant-délit (LCIA),UNI - Procédure traitée en PV unique,0,0,0,0,1
13,Déterminé - Date précise ,Déterminé - Soir (17-22h00),10,7 AUTRES COUPS ET BLESSURES VOLONTAIRES CRIMINELS OU CORRECTIONNELS,,,,ATTEINTES AUX PERSONNES,,,,,N,Résolu - Total,Privé,Habitation individuelle,VHL non identifié,Aucune,Emotion,Consommation d'alcool ou de drogue,Membre famille,0,0,0,0,0,0,0,0,UT,1,Sans objet,1,2,Victime appel,Patrouilleur,Suspect identifié,Véhicule identifié,,,0,Réactif - Auto-résolution (CILA),0,0,0,0,0,2
12,Déterminé - Date précise ,Déterminé - Matin (07-12h00),100,91 ESCROQUERIES ET ABUS DE CONFIANCE,,,,ATTEINTES AUX BIENS,,,,,N,Résolu - Total,Public,Distributeur automatique de billets,VHL proprio (l'auteur est le propriétaire),Aucune,Rationalité,Aucun,Non,Numéraire,0,0,0,0,0,0,0,UT,1,Sans objet,1,3,Victime plainte guichet,Aucun,Suspect identifiable,,,,0,Réactif – Investigation (CILA),0,0,0,0,0,1
11,Déterminé - Date précise ,Non déterminé - Découverte fin de journée,270,27 CAMBRIOLAGES DE LOCAUX D HABITATION PRINCIPALE,,,,ATTEINTES AUX BIENS,,,,,O,Non résolu - Auteur non identifié,Privé,Habitation individuelle,Inconnu,Aucune,Rationalité,Aucun,Non,0,0,0,0,0,0,0,0,UT,1,Sans objet,1,1,Victime appel,Patrouilleur,0,,,,0,Réactif – Investigation (CILA),STAT - Catégorie de crime faisant l'objet d'une pression statistique,0,0,0,0,1
10,Déterminé - Date précise ,Non déterminé - Découverte au matin,235,34 VOLS DE VEHICULES DE TRANSPORT AVEC FRET,,,,ATTEINTES AUX BIENS,,,,,N,Non résolu - Auteur non identifié,Privé,Entrepôt,VHL non identifié,Aucune,Inconnu,Aucun,Non,Véhicule,0,0,0,0,0,0,0,UT,1,Sans objet,1,1,Victime appel,Patrouilleur,Objets traçables,,,,0,Réactif – Investigation (CILA),0,0,0,0,0,1
1,Déterminé - Date précise ,Déterminé - Après-midi (12-17h00),2,57 USAGE DE STUPEFIANTS,58 AUTRES INFRACTIONS A LA LEGISLATION SUR LES STUPEFIANTS,,,INFRACTIONS A LA REGLEMENTATION,INFRACTIONS A LA REGLEMENTATION,,,,N,Résolu - Total,Public,Voie publique,VHL proprio (l'auteur est le propriétaire),Aucune,Négligence / Imprudence,Un trafic de stupéfiants,Non,0,0,0,0,0,0,0,0,UT,1,Sans objet,1,5,Unité en patrouille,Patrouilleur,Suspect interpellé,,,,0,Réactif - Flagrant-délit (LCIA),0,0,0,0,0,1
